{
	"format_version": "1.21.11",
	"credit": "Made by Satisfy",
	"textures": {
		"0": "lilis_lucky_lures:block/fish_trophy_frame",
		"1": "block/oak_planks",
		"particle": "lilis_lucky_lures:block/fish_trophy_frame"
	},
	"elements": [
		{
			"from": [1, 3, 15],
			"to": [15, 13, 16],
			"rotation": {"angle": 0, "axis": "y", "origin": [1, 3, 15]},
			"faces": {
				"north": {"uv": [1, 3, 15, 13], "texture": "#0"},
				"east": {"uv": [14, 3, 15, 13], "texture": "#0"},
				"south": {"uv": [2, 8, 16, 16], "texture": "#1"},
				"west": {"uv": [1, 3, 2, 13], "texture": "#0"},
				"up": {"uv": [1, 3, 15, 4], "texture": "#0"},
				"down": {"uv": [1, 12, 15, 13], "texture": "#0"}
			}
		}
	],
	"display": {
		"thirdperson_righthand": {
			"rotation": [28.5, 0, 0],
			"translation": [0, 3.75, -1.75],
			"scale": [0.5, 0.5, 0.5]
		},
		"thirdperson_lefthand": {
			"rotation": [28.5, 0, 0],
			"translation": [0, 3.75, -1.75],
			"scale": [0.5, 0.5, 0.5]
		},
		"firstperson_righthand": {
			"rotation": [-180, 39.25, -180],
			"translation": [-5.25, 3.5, 5],
			"scale": [0.5, 0.5, 0.5]
		},
		"firstperson_lefthand": {
			"rotation": [-180, 39.25, -180],
			"translation": [-5.25, 3.5, 5],
			"scale": [0.5, 0.5, 0.5]
		}
	}
}