{
  "parent": "minecraft:item/generated",
  "textures": {
    "layer0": "lilis_lucky_lures:item/hanging_frame"
  },
  "overrides": [
    {
      "predicate": {
        "pommel:is_held": 1.0
      },
      "model": "lilis_lucky_lures:item/hanging_frame_hand"
    },
    {
      "predicate": {
        "pommel:is_fixed": 1.0
      },
      "model": "lilis_lucky_lures:item/hanging_frame_hand"
    },
    {
      "predicate": {
        "pommel:is_head": 1.0
      },
      "model": "lilis_lucky_lures:item/hanging_frame_hand"
    }
  ]
}