{
	"format_version": "1.21.11",
	"credit": "Made by Satisfy",
	"textures": {
		"0": "alpinewhispers:block/wreath",
		"1": "block/candle",
		"2": "alpinewhispers:block/wreath_decoration",
		"particle": "alpinewhispers:block/wreath"
	},
	"elements": [
		{
			"from": [4, 7, 3.5],
			"to": [4, 8, 4.5],
			"rotation": {"angle": -45, "axis": "y", "origin": [4, 7, 4]},
			"faces": {
				"east": {"uv": [0, 5, 1, 6], "texture": "#1"},
				"west": {"uv": [1, 5, 0, 6], "texture": "#1"}
			}
		},
		{
			"from": [3, 4, 3],
			"to": [5, 7, 5],
			"rotation": {"angle": 0, "axis": "y", "origin": [13, 4, -3]},
			"faces": {
				"north": {"uv": [0, 8, 2, 11], "texture": "#1"},
				"east": {"uv": [0, 8, 2, 11], "texture": "#1"},
				"south": {"uv": [0, 8, 2, 11], "texture": "#1"},
				"west": {"uv": [0, 8, 2, 11], "texture": "#1"},
				"up": {"uv": [0, 6, 2, 8], "rotation": 90, "texture": "#1"},
				"down": {"uv": [0, 14, 2, 16], "rotation": 270, "texture": "#1", "cullface": "down"}
			}
		},
		{
			"from": [4, 7, 3.5],
			"to": [4, 8, 4.5],
			"rotation": {"angle": 45, "axis": "y", "origin": [4, 7, 4]},
			"faces": {
				"east": {"uv": [0, 5, 1, 6], "texture": "#1"},
				"west": {"uv": [1, 5, 0, 6], "texture": "#1"}
			}
		},
		{
			"from": [12, 9, 11.5],
			"to": [12, 10, 12.5],
			"rotation": {"angle": -45, "axis": "y", "origin": [12, 9, 12]},
			"faces": {
				"east": {"uv": [0, 5, 1, 6], "texture": "#1"},
				"west": {"uv": [1, 5, 0, 6], "texture": "#1"}
			}
		},
		{
			"from": [11, 4, 11],
			"to": [13, 9, 13],
			"rotation": {"angle": 0, "axis": "y", "origin": [21, 4, 2]},
			"faces": {
				"north": {"uv": [0, 8, 2, 13], "texture": "#1"},
				"east": {"uv": [0, 8, 2, 13], "texture": "#1"},
				"south": {"uv": [0, 8, 2, 13], "texture": "#1"},
				"west": {"uv": [0, 8, 2, 13], "texture": "#1"},
				"up": {"uv": [0, 6, 2, 8], "rotation": 90, "texture": "#1"},
				"down": {"uv": [0, 14, 2, 16], "rotation": 270, "texture": "#1", "cullface": "down"}
			}
		},
		{
			"from": [12, 9, 11.5],
			"to": [12, 10, 12.5],
			"rotation": {"angle": 45, "axis": "y", "origin": [12, 9, 12]},
			"faces": {
				"east": {"uv": [0, 5, 1, 6], "texture": "#1"},
				"west": {"uv": [1, 5, 0, 6], "texture": "#1"}
			}
		},
		{
			"from": [12, 8, 3.5],
			"to": [12, 9, 4.5],
			"rotation": {"angle": -45, "axis": "y", "origin": [12, 8, 4]},
			"faces": {
				"east": {"uv": [0, 5, 1, 6], "texture": "#1"},
				"west": {"uv": [1, 5, 0, 6], "texture": "#1"}
			}
		},
		{
			"from": [11, 3, 3],
			"to": [13, 8, 5],
			"rotation": {"angle": 0, "axis": "y", "origin": [18, 3, -2]},
			"faces": {
				"north": {"uv": [0, 8, 2, 13], "texture": "#1"},
				"east": {"uv": [0, 8, 2, 13], "texture": "#1"},
				"south": {"uv": [0, 8, 2, 13], "texture": "#1"},
				"west": {"uv": [0, 8, 2, 13], "texture": "#1"},
				"up": {"uv": [0, 6, 2, 8], "rotation": 90, "texture": "#1"},
				"down": {"uv": [0, 14, 2, 16], "rotation": 270, "texture": "#1", "cullface": "down"}
			}
		},
		{
			"from": [12, 8, 3.5],
			"to": [12, 9, 4.5],
			"rotation": {"angle": 45, "axis": "y", "origin": [12, 8, 4]},
			"faces": {
				"east": {"uv": [0, 5, 1, 6], "texture": "#1"},
				"west": {"uv": [1, 5, 0, 6], "texture": "#1"}
			}
		},
		{
			"from": [4, 10, 11.5],
			"to": [4, 11, 12.5],
			"rotation": {"angle": -45, "axis": "y", "origin": [4, 10, 12]},
			"faces": {
				"east": {"uv": [0, 5, 1, 6], "texture": "#1"},
				"west": {"uv": [0, 5, 1, 6], "texture": "#1"}
			}
		},
		{
			"from": [3, 4, 11],
			"to": [5, 10, 13],
			"rotation": {"angle": 0, "axis": "y", "origin": [10, 4, 3]},
			"faces": {
				"north": {"uv": [0, 8, 2, 14], "texture": "#1"},
				"east": {"uv": [0, 8, 2, 14], "texture": "#1"},
				"south": {"uv": [0, 8, 2, 14], "texture": "#1"},
				"west": {"uv": [0, 8, 2, 14], "texture": "#1"},
				"up": {"uv": [0, 6, 2, 8], "rotation": 90, "texture": "#1"},
				"down": {"uv": [0, 14, 2, 16], "rotation": 270, "texture": "#1", "cullface": "down"}
			}
		},
		{
			"from": [4, 10, 11.5],
			"to": [4, 11, 12.5],
			"rotation": {"angle": 45, "axis": "y", "origin": [4, 10, 12]},
			"faces": {
				"east": {"uv": [0, 5, 1, 6], "texture": "#1"},
				"west": {"uv": [0, 5, 1, 6], "texture": "#1"}
			}
		},
		{
			"from": [2, 0, 2],
			"to": [14, 4, 14],
			"rotation": {"angle": 0, "axis": "y", "origin": [14, 0, 2]},
			"faces": {
				"north": {"uv": [2, 10, 14, 14], "texture": "#0"},
				"east": {"uv": [2, 2, 14, 6], "texture": "#0"},
				"south": {"uv": [2, 10, 14, 14], "texture": "#0"},
				"west": {"uv": [2, 2, 14, 6], "texture": "#0"},
				"up": {"uv": [2, 2, 14, 14], "rotation": 90, "texture": "#0"},
				"down": {"uv": [2, 2, 14, 14], "rotation": 270, "texture": "#0"}
			}
		},
		{
			"from": [1.9, -0.1, 1.9],
			"to": [14.1, 4.1, 14.1],
			"rotation": {"angle": 0, "axis": "y", "origin": [14, 0, 2]},
			"faces": {
				"north": {"uv": [2, 10, 14, 14], "texture": "#2"},
				"east": {"uv": [2, 10, 14, 14], "texture": "#2"},
				"south": {"uv": [2, 10, 14, 14], "texture": "#2"},
				"west": {"uv": [2, 10, 14, 14], "texture": "#2"}
			}
		},
		{
			"from": [1, 2, 1],
			"to": [15, 2, 15],
			"rotation": {"angle": 0, "axis": "y", "origin": [15, 2, 1]},
			"faces": {
				"up": {"uv": [1, 1, 15, 15], "rotation": 90, "texture": "#0"},
				"down": {"uv": [1, 1, 15, 15], "rotation": 270, "texture": "#0"}
			}
		},
		{
			"from": [6, 0, 10],
			"to": [10, 4, 6],
			"rotation": {"angle": 0, "axis": "y", "origin": [10, 0, 10]},
			"faces": {
				"north": {"uv": [6, 2, 10, 6], "texture": "#0"},
				"east": {"uv": [6, 10, 10, 14], "texture": "#0"},
				"south": {"uv": [6, 2, 10, 6], "texture": "#0"},
				"west": {"uv": [6, 10, 10, 14], "texture": "#0"}
			}
		}
	],
	"display": {
		"thirdperson_righthand": {
			"translation": [0, 4.25, -1],
			"scale": [0.6, 0.6, 0.6]
		},
		"thirdperson_lefthand": {
			"translation": [0, 4.25, -1],
			"scale": [0.6, 0.6, 0.6]
		},
		"firstperson_righthand": {
			"rotation": [-180, 0, -180],
			"translation": [-2.5, 4.75, 0],
			"scale": [0.7, 0.7, 0.7]
		},
		"firstperson_lefthand": {
			"rotation": [-180, 0, -180],
			"translation": [-2.5, 4.75, 0],
			"scale": [0.7, 0.7, 0.7]
		}
	},
	"groups": [
		{
			"name": "group",
			"origin": [7, 3, -4],
			"color": 0,
			"children": [0, 1, 2]
		},
		{
			"name": "group",
			"origin": [10, 5, -4],
			"color": 0,
			"children": [3, 4, 5]
		},
		{
			"name": "group",
			"origin": [6, 5, -7],
			"color": 0,
			"children": [6, 7, 8]
		},
		{
			"name": "group",
			"origin": [9, 6, -7],
			"color": 0,
			"children": [9, 10, 11]
		},
		12,
		13,
		14,
		15
	]
}