{
	"format_version": "1.21.6",
	"credit": "Made by Satisfy",
	"textures": {
		"0": "alpinewhispers:block/snow_globe_inner",
		"1": "alpinewhispers:block/snow_globe_bottom",
		"2": "alpinewhispers:block/snow_globe_base",
		"3": "alpinewhispers:block/snow_globe_glass",
		"particle": "alpinewhispers:block/snow_globe_inner"
	},
	"elements": [
		{
			"from": [1, 0, 1],
			"to": [15, 2, 15],
			"rotation": {"angle": 0, "axis": "y", "origin": [2, 0, 2]},
			"faces": {
				"north": {"uv": [2, 14, 16, 16], "texture": "#0"},
				"east": {"uv": [2, 14, 16, 16], "texture": "#0"},
				"south": {"uv": [2, 14, 16, 16], "texture": "#0"},
				"west": {"uv": [2, 14, 16, 16], "texture": "#0"},
				"up": {"uv": [15, 15, 1, 1], "texture": "#2"},
				"down": {"uv": [15, 15, 1, 1], "texture": "#1"}
			}
		},
		{
			"name": "glass",
			"from": [2, 2, 2],
			"to": [14, 14, 14],
			"rotation": {"angle": 0, "axis": "y", "origin": [3, 2, 3]},
			"faces": {
				"north": {"uv": [2, 2, 14, 14], "texture": "#3"},
				"east": {"uv": [2, 2, 14, 14], "texture": "#3"},
				"south": {"uv": [2, 2, 14, 14], "texture": "#3"},
				"west": {"uv": [2, 2, 14, 14], "texture": "#3"},
				"up": {"uv": [2, 2, 14, 14], "texture": "#3"}
			}
		},
		{
			"name": "glass",
			"from": [14, 2, 2],
			"to": [2, 14, 14],
			"rotation": {"angle": 0, "axis": "y", "origin": [15, 2, 3]},
			"faces": {
				"north": {"uv": [2, 2, 14, 14], "texture": "#3"},
				"east": {"uv": [2, 2, 14, 14], "texture": "#3"},
				"south": {"uv": [2, 2, 14, 14], "texture": "#3"},
				"west": {"uv": [2, 2, 14, 14], "texture": "#3"},
				"up": {"uv": [2, 2, 14, 14], "texture": "#3"}
			}
		},
		{
			"name": "fir_1",
			"from": [1.5, 2, 6],
			"to": [6.5, 9, 6],
			"rotation": {"angle": 45, "axis": "y", "origin": [3, 2, 6]},
			"faces": {
				"north": {"uv": [5, 0, 10, 7], "texture": "#0"},
				"south": {"uv": [5, 0, 10, 7], "texture": "#0"}
			}
		},
		{
			"name": "fir_1",
			"from": [1, 2, 4],
			"to": [6, 9, 4],
			"rotation": {"angle": -45, "axis": "y", "origin": [2, 2, 5]},
			"faces": {
				"north": {"uv": [5, 0, 10, 7], "texture": "#0"},
				"south": {"uv": [5, 0, 10, 7], "texture": "#0"}
			}
		},
		{
			"name": "fir_1",
			"from": [9.64645, 2, 11.76777],
			"to": [14.64645, 11, 11.76777],
			"rotation": {"angle": 45, "axis": "y", "origin": [10.64645, 2, 12.76777]},
			"faces": {
				"north": {"uv": [0, 0, 5, 9], "texture": "#0"},
				"south": {"uv": [0, 0, 5, 9], "texture": "#0"}
			}
		},
		{
			"name": "fir_1",
			"from": [8.23223, 2, 9.64645],
			"to": [13.23223, 11, 9.64645],
			"rotation": {"angle": -45, "axis": "y", "origin": [9.23223, 2, 10.64645]},
			"faces": {
				"north": {"uv": [0, 0, 5, 9], "texture": "#0"},
				"south": {"uv": [0, 0, 5, 9], "texture": "#0"}
			}
		},
		{
			"name": "roof",
			"from": [5, 6, 8],
			"to": [7, 7, 13],
			"rotation": {"angle": 0, "axis": "y", "origin": [5, 6, 8]},
			"faces": {
				"north": {"uv": [8, 9, 10, 10], "texture": "#0"},
				"east": {"uv": [11, 7, 16, 8], "texture": "#0"},
				"south": {"uv": [8, 9, 10, 10], "texture": "#0"},
				"west": {"uv": [11, 10, 16, 11], "texture": "#0"},
				"up": {"uv": [16, 10, 11, 8], "rotation": 90, "texture": "#0"},
				"down": {"uv": [6, -3, 4, 2], "texture": "#missing"}
			}
		},
		{
			"name": "house",
			"from": [4, 2, 8],
			"to": [8, 6, 13],
			"rotation": {"angle": 0, "axis": "y", "origin": [4, 2, 8]},
			"faces": {
				"north": {"uv": [7, 10, 11, 14], "texture": "#0"},
				"east": {"uv": [11, 10, 16, 14], "texture": "#0"},
				"south": {"uv": [7, 10, 11, 14], "texture": "#0"},
				"west": {"uv": [11, 10, 16, 14], "texture": "#0"},
				"up": {"uv": [16, 11, 11, 7], "rotation": 90, "texture": "#0"}
			}
		},
		{
			"name": "stone",
			"from": [9, 2, 3],
			"to": [14, 3, 4],
			"rotation": {"angle": 0, "axis": "y", "origin": [9, 2, 3]},
			"faces": {
				"north": {"uv": [11, 0, 16, 1], "texture": "#0"},
				"east": {"uv": [8, 9, 9, 10], "texture": "#0"},
				"south": {"uv": [11, 0, 16, 1], "texture": "#0"},
				"west": {"uv": [8, 9, 9, 10], "texture": "#0"},
				"up": {"uv": [11, 0, 16, 1], "texture": "#0"}
			}
		},
		{
			"name": "stone",
			"from": [10, 2, 6],
			"to": [12, 3, 8],
			"rotation": {"angle": 0, "axis": "y", "origin": [10, 2, 6]},
			"faces": {
				"north": {"uv": [14, 1, 16, 2], "texture": "#0"},
				"east": {"uv": [14, 1, 16, 2], "texture": "#0"},
				"south": {"uv": [14, 1, 16, 2], "texture": "#0"},
				"west": {"uv": [14, 1, 16, 2], "texture": "#0"},
				"up": {"uv": [16, 3, 14, 1], "texture": "#0"}
			}
		}
	],
	"display": {
		"thirdperson_righthand": {
			"rotation": [27.5, 0, 0],
			"translation": [0, 3.25, 0.25],
			"scale": [0.4, 0.4, 0.4]
		},
		"thirdperson_lefthand": {
			"rotation": [27.5, 0, 0],
			"translation": [0, 3.25, 0.25],
			"scale": [0.4, 0.4, 0.4]
		},
		"firstperson_righthand": {
			"translation": [-1.25, 4.5, 0],
			"scale": [0.5, 0.5, 0.5]
		},
		"firstperson_lefthand": {
			"translation": [-1.25, 4.5, 0],
			"scale": [0.5, 0.5, 0.5]
		}
	},
	"groups": [
		0,
		1,
		2,
		{
			"name": "group",
			"origin": [8, 2, 8],
			"color": 0,
			"children": [3, 4]
		},
		{
			"name": "group",
			"origin": [6.43934, 2, 9.70711],
			"color": 0,
			"children": [5, 6]
		},
		{
			"name": "group",
			"origin": [5, 6, 8],
			"color": 0,
			"children": [7, 8]
		},
		{
			"name": "group",
			"origin": [9, 2, 3],
			"color": 0,
			"children": [9, 10]
		}
	]
}