{
	"format_version": "1.21.6",
	"credit": "Made by Satisfy",
	"textures": {
		"0": "alpinewhispers:block/wreath",
		"2": "alpinewhispers:block/wreath_decoration",
		"particle": "alpinewhispers:block/wreath"
	},
	"elements": [
		{
			"from": [2, 2, 12],
			"to": [14, 14, 16],
			"rotation": {"angle": 0, "axis": "y", "origin": [2, 2, 16]},
			"faces": {
				"north": {"uv": [2, 2, 14, 14], "rotation": 180, "texture": "#0"},
				"east": {"uv": [2, 10, 14, 14], "rotation": 90, "texture": "#0"},
				"south": {"uv": [2, 2, 14, 14], "texture": "#0"},
				"west": {"uv": [2, 10, 14, 14], "rotation": 270, "texture": "#0"},
				"up": {"uv": [2, 2, 14, 6], "texture": "#0"},
				"down": {"uv": [2, 2, 14, 6], "rotation": 180, "texture": "#0"}
			}
		},
		{
			"from": [10, 6, 12],
			"to": [6, 10, 16],
			"rotation": {"angle": 0, "axis": "y", "origin": [10, 6, 16]},
			"faces": {
				"east": {"uv": [6, 2, 10, 6], "rotation": 90, "texture": "#0"},
				"west": {"uv": [6, 2, 10, 6], "rotation": 270, "texture": "#0"},
				"up": {"uv": [6, 10, 10, 14], "texture": "#0"},
				"down": {"uv": [6, 10, 10, 14], "rotation": 180, "texture": "#0"}
			}
		},
		{
			"from": [4, 6, 11.95],
			"to": [12, 14, 11.95],
			"rotation": {"angle": 0, "axis": "y", "origin": [4, 6, 12]},
			"faces": {
				"north": {"uv": [4, 1, 12, 9], "texture": "#2"},
				"south": {"uv": [4, 1, 12, 9], "texture": "#2"}
			}
		},
		{
			"from": [7, 10, 11],
			"to": [9, 12, 12],
			"rotation": {"angle": 0, "axis": "y", "origin": [7, 10, 11]},
			"faces": {
				"north": {"uv": [7, 4, 9, 6], "texture": "#2"},
				"east": {"uv": [6, 4, 7, 6], "texture": "#2"},
				"west": {"uv": [9, 4, 10, 6], "texture": "#2"},
				"up": {"uv": [7, 4, 9, 5], "texture": "#2"},
				"down": {"uv": [7, 5, 9, 6], "texture": "#2"}
			}
		},
		{
			"from": [1, 1, 14],
			"to": [15, 15, 14],
			"rotation": {"angle": 0, "axis": "y", "origin": [1, 1, 14]},
			"faces": {
				"north": {"uv": [1, 1, 15, 15], "texture": "#0"},
				"south": {"uv": [1, 1, 15, 15], "texture": "#0"}
			}
		}
	],
	"display": {
		"thirdperson_righthand": {
			"rotation": [35.75, 0, 0],
			"translation": [0, 0, -4.75],
			"scale": [0.6, 0.6, 0.6]
		},
		"thirdperson_lefthand": {
			"rotation": [35.75, 0, 0],
			"translation": [0, 0, -4.75],
			"scale": [0.6, 0.6, 0.6]
		},
		"firstperson_righthand": {
			"translation": [-2.25, 1, -1.25],
			"scale": [0.6, 0.6, 0.6]
		},
		"firstperson_lefthand": {
			"translation": [-2.25, 1, -1.25],
			"scale": [0.6, 0.6, 0.6]
		}
	}
}