{
  "parent": "minecraft:item/generated",
  "textures": {
    "layer0": "alpinewhispers:item/wreath"
  },
  "overrides": [
    {
      "predicate": {
        "pommel:is_held": 1.0
      },
      "model": "alpinewhispers:item/wall_wreath_hand"
    },
    {
      "predicate": {
        "pommel:is_fixed": 1.0
      },
      "model": "alpinewhispers:item/wall_wreath_hand"
    },
    {
      "predicate": {
        "pommel:is_head": 1.0
      },
      "model": "alpinewhispers:item/wall_wreath_hand"
    }
  ]
}