{
	"format_version": "1.21.11",
	"credit": "Made with Blockbench",
	"ambientocclusion": false,
	"textures": {
		"0": "biomeswevegone:block/green_glow_bottle",
		"particle": "biomeswevegone:block/green_glow_bottle"
	},
	"elements": [
		{
			"name": "base",
			"from": [5, 1, 5],
			"to": [11, 2, 11],
			"faces": {
				"north": {"uv": [8, 9, 16, 10], "texture": "#0"},
				"east": {"uv": [8, 9, 16, 10], "texture": "#0"},
				"south": {"uv": [8, 9, 16, 10], "texture": "#0"},
				"west": {"uv": [8, 9, 16, 10], "texture": "#0"},
				"up": {"uv": [0, 8, 8, 16], "texture": "#0"},
				"down": {"uv": [0, 0, 8, 8], "texture": "#0"}
			}
		},
		{
			"name": "top",
			"from": [5, 7, 5],
			"to": [11, 8, 11],
			"faces": {
				"north": {"uv": [8, 8, 16, 9], "texture": "#0"},
				"east": {"uv": [8, 8, 16, 9], "texture": "#0"},
				"south": {"uv": [8, 8, 16, 9], "texture": "#0"},
				"west": {"uv": [8, 8, 16, 9], "texture": "#0"},
				"up": {"uv": [0, 0, 8, 8], "texture": "#0"},
				"down": {"uv": [0, 8, 8, 16], "texture": "#0"}
			}
		},
		{
			"name": "tophat",
			"from": [6, 8, 6],
			"to": [10, 10, 10],
			"faces": {
				"north": {"uv": [8, 0, 12, 2], "texture": "#0"},
				"east": {"uv": [8, 0, 12, 2], "texture": "#0"},
				"south": {"uv": [8, 0, 12, 2], "texture": "#0"},
				"west": {"uv": [8, 0, 12, 2], "texture": "#0"},
				"up": {"uv": [2, 2, 6, 6], "texture": "#0"}
			}
		},
		{
			"name": "light",
			"from": [5.5, 2, 5.5],
			"to": [10.5, 7, 10.5],
			"shade": false,
			"light_emission": 15,
			"faces": {
				"north": {"uv": [12, 11, 16, 16], "texture": "#0"},
				"east": {"uv": [12, 11, 16, 16], "texture": "#0"},
				"south": {"uv": [12, 11, 16, 16], "texture": "#0"},
				"west": {"uv": [12, 11, 16, 16], "texture": "#0"}
			}
		},
		{
			"name": "rod_nw",
			"from": [5, 2, 5],
			"to": [5, 7, 11],
			"faces": {
				"north": {"uv": [11, 2, 12, 7], "texture": "#0"},
				"east": {"uv": [10, 2, 11, 7], "texture": "#0"},
				"south": {"uv": [9, 2, 10, 7], "texture": "#0"}
			}
		},
		{
			"name": "rod_ne",
			"from": [5, 2, 5],
			"to": [11, 7, 5],
			"faces": {
				"east": {"uv": [11, 2, 12, 7], "texture": "#0"},
				"south": {"uv": [10, 2, 11, 7], "texture": "#0"},
				"west": {"uv": [9, 2, 10, 7], "texture": "#0"}
			}
		},
		{
			"name": "rod_se",
			"from": [11, 2, 5],
			"to": [11, 7, 11],
			"faces": {
				"north": {"uv": [9, 2, 10, 7], "texture": "#0"},
				"south": {"uv": [11, 2, 12, 7], "texture": "#0"},
				"west": {"uv": [10, 2, 11, 7], "texture": "#0"}
			}
		},
		{
			"name": "rod_sw",
			"from": [5, 2, 11],
			"to": [11, 7, 11],
			"faces": {
				"north": {"uv": [10, 2, 11, 7], "texture": "#0"},
				"east": {"uv": [9, 2, 10, 7], "texture": "#0"},
				"west": {"uv": [11, 2, 12, 7], "texture": "#0"}
			}
		},
		{
			"name": "handle",
			"from": [6, 11, 7.5],
			"to": [10, 12, 8.5],
			"faces": {
				"north": {"uv": [12, 0, 16, 1], "texture": "#0"},
				"east": {"uv": [15, 0, 16, 1], "texture": "#0"},
				"south": {"uv": [12, 0, 16, 1], "texture": "#0"},
				"west": {"uv": [12, 0, 13, 1], "texture": "#0"},
				"up": {"uv": [12, 0, 16, 1], "texture": "#0"},
				"down": {"uv": [1, 1, 5, 2], "texture": "#0"}
			}
		},
		{
			"name": "handle_w",
			"from": [6, 10, 7.5],
			"to": [7, 11, 8.5],
			"faces": {
				"north": {"uv": [12, 1, 13, 2], "texture": "#0"},
				"east": {"uv": [12, 1, 13, 2], "texture": "#0"},
				"south": {"uv": [12, 1, 13, 2], "texture": "#0"},
				"west": {"uv": [12, 1, 13, 2], "texture": "#0"}
			}
		},
		{
			"name": "handle_e",
			"from": [9, 10, 7.5],
			"to": [10, 11, 8.5],
			"faces": {
				"north": {"uv": [15, 1, 16, 2], "texture": "#0"},
				"east": {"uv": [15, 1, 16, 2], "texture": "#0"},
				"south": {"uv": [15, 1, 16, 2], "texture": "#0"},
				"west": {"uv": [15, 1, 16, 2], "texture": "#0"}
			}
		},
		{
			"name": "chain_top",
			"from": [6, 13, 7.5],
			"to": [10, 14, 8.5],
			"faces": {
				"north": {"uv": [12, 5, 16, 6], "texture": "#0"},
				"east": {"uv": [15, 6, 16, 7], "texture": "#0"},
				"south": {"uv": [12, 5, 16, 6], "texture": "#0"},
				"west": {"uv": [12, 6, 13, 7], "texture": "#0"},
				"up": {"uv": [12, 5, 16, 6], "texture": "#0"},
				"down": {"uv": [12, 6, 16, 7], "texture": "#0"}
			}
		},
		{
			"name": "chain_top_w",
			"from": [6, 14, 7.5],
			"to": [7, 16, 8.5],
			"faces": {
				"north": {"uv": [12, 3, 13, 5], "texture": "#0"},
				"east": {"uv": [12, 4, 13, 6], "texture": "#0"},
				"south": {"uv": [12, 3, 13, 5], "texture": "#0"},
				"west": {"uv": [12, 3, 13, 5], "texture": "#0"},
				"up": {"uv": [12, 2, 13, 3], "texture": "#0", "cullface": "up"}
			}
		},
		{
			"name": "chain_top_e",
			"from": [9, 14, 7.5],
			"to": [10, 16, 8.5],
			"faces": {
				"north": {"uv": [15, 3, 16, 5], "texture": "#0"},
				"east": {"uv": [15, 3, 16, 5], "texture": "#0"},
				"south": {"uv": [15, 3, 16, 5], "texture": "#0"},
				"west": {"uv": [15, 4, 16, 6], "texture": "#0"},
				"up": {"uv": [15, 2, 16, 3], "texture": "#0", "cullface": "up"}
			}
		},
		{
			"name": "chain_mid_top",
			"from": [7.5, 14, 6],
			"to": [8.5, 15, 10],
			"faces": {
				"north": {"uv": [12, 0, 13, 1], "texture": "#0"},
				"east": {"uv": [12, 0, 16, 1], "texture": "#0"},
				"south": {"uv": [15, 0, 16, 1], "texture": "#0"},
				"west": {"uv": [12, 0, 16, 1], "texture": "#0"},
				"up": {"uv": [12, 0, 16, 1], "rotation": 90, "texture": "#0"},
				"down": {"uv": [12, 6, 16, 7], "rotation": 90, "texture": "#0"}
			}
		},
		{
			"name": "chain_mid_bottom",
			"from": [7.5, 10, 6],
			"to": [8.5, 11, 10],
			"faces": {
				"north": {"uv": [15, 5, 16, 6], "texture": "#0"},
				"east": {"uv": [12, 5, 16, 6], "texture": "#0"},
				"south": {"uv": [12, 5, 13, 6], "texture": "#0"},
				"west": {"uv": [12, 5, 16, 6], "texture": "#0"},
				"up": {"uv": [12, 5, 16, 6], "rotation": 90, "texture": "#0"}
			}
		},
		{
			"name": "chain_mid_n",
			"from": [7.5, 11, 6],
			"to": [8.5, 14, 7],
			"faces": {
				"north": {"uv": [12, 1, 13, 4], "texture": "#0"},
				"east": {"uv": [12, 1, 13, 4], "texture": "#0"},
				"south": {"uv": [12, 2, 13, 5], "texture": "#0"},
				"west": {"uv": [12, 1, 13, 4], "texture": "#0"}
			}
		},
		{
			"name": "chain_mid_s",
			"from": [7.5, 11, 9],
			"to": [8.5, 14, 10],
			"faces": {
				"north": {"uv": [15, 2, 16, 5], "texture": "#0"},
				"east": {"uv": [15, 1, 16, 4], "texture": "#0"},
				"south": {"uv": [15, 1, 16, 4], "texture": "#0"},
				"west": {"uv": [15, 1, 16, 4], "texture": "#0"}
			}
		}
	]
}