{
	"format_version": "1.21.11",
	"credit": "Made with Blockbench",
	"ambientocclusion": false,
	"textures": {
		"particle": "biomeswevegone:block/green_glow_bottle",
		"1": "biomeswevegone:block/green_glow_bottle"
	},
	"elements": [
		{
			"name": "base",
			"from": [5, 0, 5],
			"to": [11, 1, 11],
			"faces": {
				"north": {"uv": [8, 9, 16, 10], "texture": "#1"},
				"east": {"uv": [8, 9, 16, 10], "texture": "#1"},
				"south": {"uv": [8, 9, 16, 10], "texture": "#1"},
				"west": {"uv": [8, 9, 16, 10], "texture": "#1"},
				"up": {"uv": [0, 8, 8, 16], "texture": "#1"},
				"down": {"uv": [0, 0, 8, 8], "texture": "#1", "cullface": "down"}
			}
		},
		{
			"name": "top",
			"from": [5, 6, 5],
			"to": [11, 7, 11],
			"faces": {
				"north": {"uv": [8, 8, 16, 9], "texture": "#1"},
				"east": {"uv": [8, 8, 16, 9], "texture": "#1"},
				"south": {"uv": [8, 8, 16, 9], "texture": "#1"},
				"west": {"uv": [8, 8, 16, 9], "texture": "#1"},
				"up": {"uv": [0, 0, 8, 8], "texture": "#1"},
				"down": {"uv": [0, 8, 8, 16], "texture": "#1"}
			}
		},
		{
			"name": "tophat",
			"from": [6, 7, 6],
			"to": [10, 9, 10],
			"faces": {
				"north": {"uv": [8, 0, 12, 2], "texture": "#1"},
				"east": {"uv": [8, 0, 12, 2], "texture": "#1"},
				"south": {"uv": [8, 0, 12, 2], "texture": "#1"},
				"west": {"uv": [8, 0, 12, 2], "texture": "#1"},
				"up": {"uv": [2, 2, 6, 6], "texture": "#1"}
			}
		},
		{
			"name": "light",
			"from": [5.5, 1, 5.5],
			"to": [10.5, 6, 10.5],
			"shade": false,
			"light_emission": 15,
			"faces": {
				"north": {"uv": [12, 11, 16, 16], "texture": "#1"},
				"east": {"uv": [12, 11, 16, 16], "texture": "#1"},
				"south": {"uv": [12, 11, 16, 16], "texture": "#1"},
				"west": {"uv": [12, 11, 16, 16], "texture": "#1"}
			}
		},
		{
			"name": "rod_nw",
			"from": [5, 1, 5],
			"to": [5, 6, 11],
			"faces": {
				"north": {"uv": [11, 2, 12, 7], "texture": "#1"},
				"east": {"uv": [10, 2, 11, 7], "texture": "#1"},
				"south": {"uv": [9, 2, 10, 7], "texture": "#1"}
			}
		},
		{
			"name": "rod_ne",
			"from": [5, 1, 5],
			"to": [11, 6, 5],
			"faces": {
				"east": {"uv": [11, 2, 12, 7], "texture": "#1"},
				"south": {"uv": [10, 2, 11, 7], "texture": "#1"},
				"west": {"uv": [9, 2, 10, 7], "texture": "#1"}
			}
		},
		{
			"name": "rod_se",
			"from": [5, 1, 11],
			"to": [11, 6, 11],
			"faces": {
				"north": {"uv": [9, 2, 10, 7], "texture": "#1"},
				"east": {"uv": [8, 2, 9, 7], "texture": "#1"},
				"west": {"uv": [10, 2, 11, 7], "texture": "#1"}
			}
		},
		{
			"name": "rod_sw",
			"from": [11, 1, 5],
			"to": [11, 6, 11],
			"faces": {
				"north": {"uv": [10, 2, 11, 7], "texture": "#1"},
				"south": {"uv": [8, 2, 9, 7], "texture": "#1"},
				"west": {"uv": [11, 2, 12, 7], "texture": "#1"}
			}
		},
		{
			"name": "handle",
			"from": [6, 10, 7.5],
			"to": [10, 11, 8.5],
			"faces": {
				"north": {"uv": [12, 0, 16, 1], "texture": "#1"},
				"east": {"uv": [15, 0, 16, 1], "texture": "#1"},
				"south": {"uv": [12, 0, 16, 1], "texture": "#1"},
				"west": {"uv": [12, 0, 13, 1], "texture": "#1"},
				"up": {"uv": [12, 0, 16, 1], "texture": "#1"},
				"down": {"uv": [1, 1, 5, 2], "texture": "#1"}
			}
		},
		{
			"name": "handle_w",
			"from": [6, 9, 7.5],
			"to": [7, 10, 8.5],
			"faces": {
				"north": {"uv": [12, 1, 13, 2], "texture": "#1"},
				"east": {"uv": [12, 1, 13, 2], "texture": "#1"},
				"south": {"uv": [12, 1, 13, 2], "texture": "#1"},
				"west": {"uv": [12, 1, 13, 2], "texture": "#1"}
			}
		},
		{
			"name": "handle_e",
			"from": [9, 9, 7.5],
			"to": [10, 10, 8.5],
			"faces": {
				"north": {"uv": [15, 1, 16, 2], "texture": "#1"},
				"east": {"uv": [15, 1, 16, 2], "texture": "#1"},
				"south": {"uv": [15, 1, 16, 2], "texture": "#1"},
				"west": {"uv": [15, 1, 16, 2], "texture": "#1"}
			}
		}
	],
	"display": {
		"thirdperson_righthand": {
			"rotation": [67.5, 90, 0],
			"translation": [0.5, -0.75, -0.5],
			"scale": [0.68, 0.68, 0.68]
		},
		"firstperson_righthand": {
			"rotation": [-5, 105, 0],
			"translation": [1, 4.2, 0],
			"scale": [0.5, 0.5, 0.5]
		},
		"ground": {
			"translation": [0, 3, 0],
			"scale": [0.5, 0.5, 0.5]
		},
		"gui": {
			"rotation": [30, 45, 0],
			"translation": [0, 3, 0]
		},
		"head": {
			"translation": [0, 14.5, 0]
		},
		"fixed": {
			"translation": [0, 3, -2]
		}
	}
}