{
	"credit": "Made with Blockbench",
	"ambientocclusion": false,
	"render_type": "minecraft:cutout",
	"textures": {
		"sapling": "biomeswevegone:block/aspen/sapling",
		"particle": "block/flower_pot",
		"flowerpot": "block/flower_pot",
		"dirt": "block/dirt"
	},
	"elements": [
		{
			"from": [5, 0, 5],
			"to": [6, 6, 11],
			"faces": {
				"north": {"uv": [10, 10, 11, 16], "texture": "#flowerpot"},
				"east": {"uv": [5, 10, 11, 16], "texture": "#flowerpot"},
				"south": {"uv": [5, 10, 6, 16], "texture": "#flowerpot"},
				"west": {"uv": [5, 10, 11, 16], "texture": "#flowerpot"},
				"up": {"uv": [5, 5, 6, 11], "texture": "#flowerpot"},
				"down": {"uv": [5, 5, 6, 11], "texture": "#flowerpot", "cullface": "down"}
			}
		},
		{
			"from": [10, 0, 5],
			"to": [11, 6, 11],
			"faces": {
				"north": {"uv": [5, 10, 6, 16], "texture": "#flowerpot"},
				"east": {"uv": [5, 10, 11, 16], "texture": "#flowerpot"},
				"south": {"uv": [10, 10, 11, 16], "texture": "#flowerpot"},
				"west": {"uv": [5, 10, 11, 16], "texture": "#flowerpot"},
				"up": {"uv": [10, 5, 11, 11], "texture": "#flowerpot"},
				"down": {"uv": [10, 5, 11, 11], "texture": "#flowerpot", "cullface": "down"}
			}
		},
		{
			"from": [6, 0, 5],
			"to": [10, 6, 6],
			"faces": {
				"north": {"uv": [6, 10, 10, 16], "texture": "#flowerpot"},
				"south": {"uv": [6, 10, 10, 16], "texture": "#flowerpot"},
				"up": {"uv": [6, 5, 10, 6], "texture": "#flowerpot"},
				"down": {"uv": [6, 10, 10, 11], "texture": "#flowerpot", "cullface": "down"}
			}
		},
		{
			"from": [6, 0, 10],
			"to": [10, 6, 11],
			"faces": {
				"north": {"uv": [6, 10, 10, 16], "texture": "#flowerpot"},
				"south": {"uv": [6, 10, 10, 16], "texture": "#flowerpot"},
				"up": {"uv": [6, 10, 10, 11], "texture": "#flowerpot"},
				"down": {"uv": [6, 5, 10, 6], "texture": "#flowerpot", "cullface": "down"}
			}
		},
		{
			"from": [6, 0, 6],
			"to": [10, 4, 10],
			"faces": {
				"up": {"uv": [6, 6, 10, 10], "texture": "#dirt"},
				"down": {"uv": [6, 1, 10, 5], "texture": "#flowerpot", "cullface": "down"}
			}
		},
		{
			"name": "Leaves",
			"from": [5, 6, 5],
			"to": [11, 8, 11],
			"faces": {
				"north": {"uv": [1, 11, 7, 13], "texture": "#sapling"},
				"east": {"uv": [1, 11, 7, 13], "texture": "#sapling"},
				"south": {"uv": [1, 11, 7, 13], "texture": "#sapling"},
				"west": {"uv": [1, 11, 7, 13], "texture": "#sapling"},
				"up": {"uv": [10, 10, 16, 16], "texture": "#sapling"}
			}
		},
		{
			"name": "Leaves2",
			"from": [6, 10, 6],
			"to": [10, 12, 10],
			"faces": {
				"north": {"uv": [2, 7, 6, 9], "texture": "#sapling"},
				"east": {"uv": [2, 7, 6, 9], "texture": "#sapling"},
				"south": {"uv": [2, 7, 6, 9], "texture": "#sapling"},
				"west": {"uv": [2, 7, 6, 9], "texture": "#sapling"},
				"up": {"uv": [8, 0, 12, 4], "texture": "#sapling"},
				"down": {"uv": [8, 0, 12, 4], "texture": "#sapling"}
			}
		},
		{
			"name": "Leaves3",
			"from": [7, 14, 7],
			"to": [9, 16, 9],
			"faces": {
				"north": {"uv": [3, 3, 5, 5], "texture": "#sapling"},
				"east": {"uv": [3, 3, 5, 5], "texture": "#sapling"},
				"south": {"uv": [3, 3, 5, 5], "texture": "#sapling"},
				"west": {"uv": [3, 3, 5, 5], "texture": "#sapling"},
				"up": {"uv": [3, 3, 5, 5], "texture": "#sapling"},
				"down": {"uv": [3, 3, 5, 5], "texture": "#sapling"}
			}
		},
		{
			"name": "Wood",
			"from": [7, 4, 7],
			"to": [9, 11, 9],
			"faces": {
				"north": {"uv": [3, 8, 5, 15], "texture": "#sapling"},
				"east": {"uv": [3, 8, 5, 15], "texture": "#sapling"},
				"south": {"uv": [3, 8, 5, 15], "texture": "#sapling"},
				"west": {"uv": [3, 8, 5, 15], "texture": "#sapling"},
				"up": {"uv": [12, 8, 14, 10], "texture": "#sapling"}
			}
		},
		{
			"name": "CrossLeavesWE",
			"from": [8, 6, 4],
			"to": [8, 17, 12],
			"faces": {
				"east": {"uv": [0, 2, 8, 13], "texture": "#sapling"},
				"west": {"uv": [0, 2, 8, 13], "texture": "#sapling"}
			}
		},
		{
			"name": "CrossLeavesNS",
			"from": [4, 6, 8],
			"to": [12, 17, 8],
			"faces": {
				"north": {"uv": [0, 2, 8, 13], "texture": "#sapling"},
				"south": {"uv": [0, 2, 8, 13], "texture": "#sapling"}
			}
		}
	]
}