{
	"credit": "Made with Blockbench",
	"ambientocclusion": false,
	"render_type": "minecraft:cutout",
	"textures": {
		"sapling": "biomeswevegone:block/willow/sapling",
		"particle": "block/flower_pot",
		"flowerpot": "block/flower_pot",
		"dirt": "block/dirt"
	},
	"elements": [
		{
			"from": [5, 0, 5],
			"to": [6, 6, 11],
			"faces": {
				"north": {"uv": [10, 10, 11, 16], "texture": "#flowerpot"},
				"east": {"uv": [5, 10, 11, 16], "texture": "#flowerpot"},
				"south": {"uv": [5, 10, 6, 16], "texture": "#flowerpot"},
				"west": {"uv": [5, 10, 11, 16], "texture": "#flowerpot"},
				"up": {"uv": [5, 5, 6, 11], "texture": "#flowerpot"},
				"down": {"uv": [5, 5, 6, 11], "texture": "#flowerpot", "cullface": "down"}
			}
		},
		{
			"from": [10, 0, 5],
			"to": [11, 6, 11],
			"faces": {
				"north": {"uv": [5, 10, 6, 16], "texture": "#flowerpot"},
				"east": {"uv": [5, 10, 11, 16], "texture": "#flowerpot"},
				"south": {"uv": [10, 10, 11, 16], "texture": "#flowerpot"},
				"west": {"uv": [5, 10, 11, 16], "texture": "#flowerpot"},
				"up": {"uv": [10, 5, 11, 11], "texture": "#flowerpot"},
				"down": {"uv": [10, 5, 11, 11], "texture": "#flowerpot", "cullface": "down"}
			}
		},
		{
			"from": [6, 0, 5],
			"to": [10, 6, 6],
			"faces": {
				"north": {"uv": [6, 10, 10, 16], "texture": "#flowerpot"},
				"south": {"uv": [6, 10, 10, 16], "texture": "#flowerpot"},
				"up": {"uv": [6, 5, 10, 6], "texture": "#flowerpot"},
				"down": {"uv": [6, 10, 10, 11], "texture": "#flowerpot", "cullface": "down"}
			}
		},
		{
			"from": [6, 0, 10],
			"to": [10, 6, 11],
			"faces": {
				"north": {"uv": [6, 10, 10, 16], "texture": "#flowerpot"},
				"south": {"uv": [6, 10, 10, 16], "texture": "#flowerpot"},
				"up": {"uv": [6, 10, 10, 11], "texture": "#flowerpot"},
				"down": {"uv": [6, 5, 10, 6], "texture": "#flowerpot", "cullface": "down"}
			}
		},
		{
			"from": [6, 0, 6],
			"to": [10, 4, 10],
			"faces": {
				"up": {"uv": [6, 6, 10, 10], "texture": "#dirt"},
				"down": {"uv": [6, 1, 10, 5], "texture": "#flowerpot", "cullface": "down"}
			}
		},
		{
			"name": "Leaves",
			"from": [3, 11, 3],
			"to": [13, 15, 13],
			"faces": {
				"north": {"uv": [0, 6, 4, 16], "rotation": 270, "texture": "#sapling"},
				"east": {"uv": [0, 6, 4, 16], "rotation": 270, "texture": "#sapling"},
				"south": {"uv": [0, 6, 4, 16], "rotation": 270, "texture": "#sapling"},
				"west": {"uv": [0, 6, 4, 16], "rotation": 270, "texture": "#sapling"},
				"up": {"uv": [6, 6, 16, 16], "texture": "#sapling"},
				"down": {"uv": [6, 6, 16, 16], "texture": "#sapling"}
			}
		},
		{
			"name": "Wood",
			"from": [7, 4, 7],
			"to": [9, 13, 9],
			"faces": {
				"north": {"uv": [4, 7, 6, 16], "texture": "#sapling"},
				"east": {"uv": [4, 7, 6, 16], "texture": "#sapling"},
				"south": {"uv": [4, 7, 6, 16], "texture": "#sapling"},
				"west": {"uv": [4, 7, 6, 16], "texture": "#sapling"},
				"up": {"uv": [4, 14, 6, 16], "texture": "#sapling"}
			}
		},
		{
			"name": "CrossLeavesNS",
			"from": [2, 10, 8],
			"to": [14, 16, 8],
			"faces": {
				"north": {"uv": [0, 0, 12, 6], "texture": "#sapling"},
				"south": {"uv": [0, 0, 12, 6], "texture": "#sapling"}
			}
		},
		{
			"name": "CrossLeavesWE",
			"from": [8, 10, 2],
			"to": [8, 16, 14],
			"faces": {
				"east": {"uv": [0, 0, 12, 6], "texture": "#sapling"},
				"west": {"uv": [0, 0, 12, 6], "texture": "#sapling"}
			}
		}
	]
}