{
	"credit": "Made with Blockbench",
	"ambientocclusion": false,
	"render_type": "minecraft:cutout",
	"textures": {
		"particle": "biomeswevegone:block/red_oak_sapling",
		"sapling": "biomeswevegone:block/red_oak_sapling"
	},
	"elements": [
		{
			"name": "Leaves",
			"from": [5, 4, 5],
			"to": [11, 10, 11],
			"faces": {
				"north": {"uv": [0, 0, 6, 6], "texture": "#sapling"},
				"east": {"uv": [6, 0, 12, 6], "texture": "#sapling"},
				"south": {"uv": [0, 0, 6, 6], "texture": "#sapling"},
				"west": {"uv": [6, 0, 12, 6], "texture": "#sapling"},
				"up": {"uv": [10, 10, 16, 16], "texture": "#sapling"},
				"down": {"uv": [0, 0, 6, 6], "texture": "#sapling"}
			}
		},
		{
			"name": "Wood",
			"from": [7, 0, 7],
			"to": [9, 6, 9],
			"faces": {
				"north": {"uv": [12, 0, 14, 6], "texture": "#sapling"},
				"east": {"uv": [14, 0, 16, 6], "texture": "#sapling"},
				"south": {"uv": [12, 0, 14, 6], "texture": "#sapling"},
				"west": {"uv": [14, 0, 16, 6], "texture": "#sapling"},
				"up": {"uv": [13, 3, 15, 5], "texture": "#sapling"},
				"down": {"uv": [13, 4, 15, 6], "texture": "#sapling", "cullface": "down"}
			}
		},
		{
			"name": "CrossLeavesWE",
			"from": [8, 3, 4],
			"to": [8, 11, 12],
			"faces": {
				"east": {"uv": [0, 8, 8, 16], "texture": "#sapling"},
				"west": {"uv": [0, 8, 8, 16], "texture": "#sapling"}
			}
		},
		{
			"name": "CrossLeavesNS",
			"from": [4, 3, 8],
			"to": [12, 11, 8],
			"faces": {
				"north": {"uv": [0, 8, 8, 16], "texture": "#sapling"},
				"south": {"uv": [0, 8, 8, 16], "texture": "#sapling"}
			}
		}
	]
}