{
	"credit": "Made with Blockbench",
	"parent": "block/block",
	"textures": {
		"side": "biomeswevegone:block/spirit/roots_side",
		"inside": "biomeswevegone:block/spirit/roots_inside",
		"top": "biomeswevegone:block/spirit/roots_top",
		"particle": "#side"
	},
	"elements": [
		{
			"from": [0, 0, 8],
			"to": [16, 16, 8],
			"faces": {
				"north": {"uv": [0, 0, 16, 16], "texture": "#inside"},
				"south": {"uv": [0, 0, 16, 16], "texture": "#inside"}
			}
		},
		{
			"from": [8, 0, 0],
			"to": [8, 16, 16],
			"faces": {
				"east": {"uv": [0, 0, 16, 16], "texture": "#inside"},
				"west": {"uv": [0, 0, 16, 16], "texture": "#inside"}
			}
		},
		{
			"from": [0, 15.98, 0],
			"to": [16, 16, 16],
			"faces": {
				"up": {"uv": [0, 0, 16, 16], "texture": "#top", "cullface": "up"},
				"down": {"uv": [0, 16, 16, 0], "texture": "#top", "cullface": "up"}
			}
		},
		{
			"from": [0, 0, 0],
			"to": [16, 0.02, 16],
			"faces": {
				"up": {"uv": [0, 16, 16, 0], "texture": "#top", "cullface": "down"},
				"down": {"uv": [0, 0, 16, 16], "texture": "#top", "cullface": "down"}
			}
		},
		{
			"from": [0, 0, 0],
			"to": [16, 16, 0.02],
			"faces": {
				"north": {"uv": [0, 0, 16, 16], "texture": "#side", "cullface": "north"},
				"south": {"uv": [16, 0, 0, 16], "texture": "#side", "cullface": "north"}
			}
		},
		{
			"from": [0, 0, 15.98],
			"to": [16, 16, 16],
			"faces": {
				"north": {"uv": [16, 0, 0, 16], "texture": "#side", "cullface": "south"},
				"south": {"uv": [0, 0, 16, 16], "texture": "#side", "cullface": "south"}
			}
		},
		{
			"from": [0, 0, 0],
			"to": [0.02, 16, 16],
			"faces": {
				"east": {"uv": [16, 0, 0, 16], "texture": "#side", "cullface": "west"},
				"west": {"uv": [0, 0, 16, 16], "texture": "#side", "cullface": "west"}
			}
		},
		{
			"from": [15.98, 0, 0],
			"to": [16, 16, 16],
			"faces": {
				"east": {"uv": [0, 0, 16, 16], "texture": "#side", "cullface": "east"},
				"west": {"uv": [16, 0, 0, 16], "texture": "#side", "cullface": "east"}
			}
		}
	]
}