{
	"credit": "Made with Blockbench",
	"ambientocclusion": false,
	"render_type": "minecraft:cutout",
	"textures": {
		"particle": "biomeswevegone:block/willow/sapling",
		"sapling": "biomeswevegone:block/willow/sapling"
	},
	"elements": [
		{
			"name": "Leaves",
			"from": [3, 7, 3],
			"to": [13, 11, 13],
			"faces": {
				"north": {"uv": [0, 6, 4, 16], "rotation": 270, "texture": "#sapling"},
				"east": {"uv": [0, 6, 4, 16], "rotation": 270, "texture": "#sapling"},
				"south": {"uv": [0, 6, 4, 16], "rotation": 270, "texture": "#sapling"},
				"west": {"uv": [0, 6, 4, 16], "rotation": 270, "texture": "#sapling"},
				"up": {"uv": [6, 6, 16, 16], "texture": "#sapling"},
				"down": {"uv": [6, 6, 16, 16], "texture": "#sapling"}
			}
		},
		{
			"name": "Wood",
			"from": [7, 0, 7],
			"to": [9, 9, 9],
			"faces": {
				"north": {"uv": [4, 7, 6, 16], "texture": "#sapling"},
				"east": {"uv": [4, 7, 6, 16], "texture": "#sapling"},
				"south": {"uv": [4, 7, 6, 16], "texture": "#sapling"},
				"west": {"uv": [4, 7, 6, 16], "texture": "#sapling"},
				"up": {"uv": [4, 14, 6, 16], "texture": "#sapling"},
				"down": {"uv": [4, 7, 6, 9], "texture": "#sapling", "cullface": "down"}
			}
		},
		{
			"name": "CrossLeavesNS",
			"from": [2, 6, 8],
			"to": [14, 12, 8],
			"faces": {
				"north": {"uv": [0, 0, 12, 6], "texture": "#sapling"},
				"south": {"uv": [0, 0, 12, 6], "texture": "#sapling"}
			}
		},
		{
			"name": "CrossLeavesWE",
			"from": [8, 6, 2],
			"to": [8, 12, 14],
			"faces": {
				"east": {"uv": [0, 0, 12, 6], "texture": "#sapling"},
				"west": {"uv": [0, 0, 12, 6], "texture": "#sapling"}
			}
		}
	]
}