{
	"credit": "Made with Blockbench",
	"parent": "minecraft:block/block",
	"textures": {
		"particle": "biomeswevegone:block/wood_blewit_mushroom_block",
		"fungus": "biomeswevegone:block/wood_blewit"
	},
	"elements": [
		{
			"name": "Stem",
			"from": [7, 0, 7],
			"to": [9, 5, 9],
			"rotation": {"angle": 0, "axis": "y", "origin": [0, 0, 0]},
			"faces": {
				"north": {"uv": [12, 11, 14, 16], "texture": "#fungus"},
				"east": {"uv": [14, 11, 16, 16], "texture": "#fungus"},
				"south": {"uv": [12, 11, 14, 16], "texture": "#fungus"},
				"west": {"uv": [14, 11, 16, 16], "texture": "#fungus"},
				"down": {"uv": [11, 3, 13, 5], "texture": "#fungus", "cullface": "down"}
			}
		},
		{
			"name": "Cap",
			"from": [4, 5, 4],
			"to": [12, 9, 12],
			"rotation": {"angle": 0, "axis": "y", "origin": [0, 0, 0]},
			"faces": {
				"north": {"uv": [0, 8, 8, 12], "texture": "#fungus"},
				"east": {"uv": [0, 12, 8, 16], "texture": "#fungus"},
				"south": {"uv": [0, 8, 8, 12], "texture": "#fungus"},
				"west": {"uv": [0, 12, 8, 16], "texture": "#fungus"},
				"up": {"uv": [0, 0, 8, 8], "texture": "#fungus"},
				"down": {"uv": [8, 0, 16, 8], "texture": "#fungus"}
			}
		}
	]
}