{
  "credit": "Made with Blockbench",
  "textures": {
    "0": "lootr:steve",
    "1": "lootr:chest",
    "particle": "lootr:chest",
    "missing": "lootr:chest"
  },
  "elements": [
    {
      "name": "Right Leg",
      "from": [
        6,
        0,
        2
      ],
      "to": [
        8,
        6,
        4
      ],
      "rotation": {
        "angle": 0,
        "axis": "y",
        "origin": [
          0,
          0,
          -8
        ]
      },
      "faces": {
        "north": {
          "uv": [
            3,
            5,
            4,
            8
          ],
          "texture": "#0"
        },
        "east": {
          "uv": [
            1,
            5,
            0,
            8
          ],
          "texture": "#0"
        },
        "south": {
          "uv": [
            1,
            5,
            2,
            8
          ],
          "texture": "#0"
        },
        "west": {
          "uv": [
            3,
            5,
            2,
            8
          ],
          "texture": "#0"
        },
        "up": {
          "uv": [
            1,
            4,
            2,
            5
          ],
          "rotation": 90,
          "texture": "#0"
        },
        "down": {
          "uv": [
            2,
            4,
            3,
            5
          ],
          "rotation": 90,
          "texture": "#0"
        }
      }
    },
    {
      "name": "Left Leg",
      "from": [
        8,
        0,
        2
      ],
      "to": [
        10,
        6,
        4
      ],
      "rotation": {
        "angle": 0,
        "axis": "y",
        "origin": [
          0,
          0,
          -8
        ]
      },
      "faces": {
        "north": {
          "uv": [
            7,
            13,
            8,
            16
          ],
          "texture": "#0"
        },
        "east": {
          "uv": [
            5,
            13,
            4,
            16
          ],
          "texture": "#0"
        },
        "south": {
          "uv": [
            5,
            13,
            6,
            16
          ],
          "texture": "#0"
        },
        "west": {
          "uv": [
            7,
            13,
            6,
            16
          ],
          "texture": "#0"
        },
        "up": {
          "uv": [
            5,
            12,
            6,
            13
          ],
          "texture": "#0"
        },
        "down": {
          "uv": [
            6,
            12,
            7,
            13
          ],
          "texture": "#0"
        }
      }
    },
    {
      "name": "Body",
      "from": [
        6,
        11.25,
        -5.75
      ],
      "to": [
        10,
        17.75,
        -3.75
      ],
      "rotation": {
        "angle": 45,
        "axis": "x",
        "origin": [
          0,
          0,
          -8
        ]
      },
      "faces": {
        "north": {
          "uv": [
            8,
            5,
            10,
            8
          ],
          "texture": "#0"
        },
        "east": {
          "uv": [
            7,
            5,
            8,
            8
          ],
          "texture": "#0"
        },
        "south": {
          "uv": [
            5,
            5,
            7,
            8
          ],
          "texture": "#0"
        },
        "west": {
          "uv": [
            4,
            5,
            5,
            8
          ],
          "texture": "#0"
        },
        "up": {
          "uv": [
            5,
            4,
            7,
            5
          ],
          "texture": "#0"
        },
        "down": {
          "uv": [
            7,
            4,
            9,
            5
          ],
          "texture": "#0"
        }
      }
    },
    {
      "name": "Right Arm",
      "from": [
        4,
        5.375,
        5.5
      ],
      "to": [
        6,
        7.375,
        10.5
      ],
      "rotation": {
        "angle": -22.5,
        "axis": "x",
        "origin": [
          10,
          9.875,
          -1.5
        ]
      },
      "faces": {
        "north": {
          "uv": [
            11,
            4,
            12,
            5
          ],
          "texture": "#0"
        },
        "east": {
          "uv": [
            10,
            5,
            11,
            8
          ],
          "texture": "#0"
        },
        "south": {
          "uv": [
            12,
            4,
            13,
            5
          ],
          "texture": "#0"
        },
        "west": {
          "uv": [
            12,
            5,
            13,
            8
          ],
          "rotation": 270,
          "texture": "#0"
        },
        "up": {
          "uv": [
            13,
            5,
            14,
            8
          ],
          "texture": "#0"
        },
        "down": {
          "uv": [
            11,
            5,
            12,
            8
          ],
          "rotation": 180,
          "texture": "#0"
        }
      }
    },
    {
      "name": "Left Arm",
      "from": [
        10,
        1.875,
        5
      ],
      "to": [
        12,
        6.875,
        7
      ],
      "rotation": {
        "angle": -22.5,
        "axis": "x",
        "origin": [
          10,
          9.875,
          -1.5
        ]
      },
      "faces": {
        "north": {
          "uv": [
            11,
            13,
            12,
            16
          ],
          "texture": "#0"
        },
        "east": {
          "uv": [
            8,
            13,
            9,
            16
          ],
          "texture": "#0"
        },
        "south": {
          "uv": [
            9,
            13,
            10,
            16
          ],
          "texture": "#0"
        },
        "west": {
          "uv": [
            10,
            13,
            11,
            16
          ],
          "texture": "#0"
        },
        "up": {
          "uv": [
            9,
            12,
            10,
            13
          ],
          "texture": "#0"
        },
        "down": {
          "uv": [
            10,
            12,
            11,
            13
          ],
          "texture": "#0"
        }
      }
    },
    {
      "name": "head",
      "from": [
        6,
        17.75,
        -6.5
      ],
      "to": [
        10,
        21.75,
        -2.5
      ],
      "rotation": {
        "angle": 45,
        "axis": "x",
        "origin": [
          0,
          0,
          -8
        ]
      },
      "faces": {
        "north": {
          "uv": [
            6,
            2,
            8,
            4
          ],
          "texture": "#0"
        },
        "east": {
          "uv": [
            4,
            2,
            6,
            4
          ],
          "texture": "#0"
        },
        "south": {
          "uv": [
            2,
            2,
            4,
            4
          ],
          "texture": "#0"
        },
        "west": {
          "uv": [
            0,
            2,
            2,
            4
          ],
          "texture": "#0"
        },
        "up": {
          "uv": [
            2,
            0,
            4,
            2
          ],
          "texture": "#0"
        },
        "down": {
          "uv": [
            4,
            0,
            6,
            2
          ],
          "texture": "#0"
        }
      }
    },
    {
      "name": "hinge",
      "from": [
        7.5,
        12,
        11
      ],
      "to": [
        8.5,
        12.5,
        13
      ],
      "rotation": {
        "angle": 0,
        "axis": "y",
        "origin": [
          0,
          0,
          -2
        ]
      },
      "faces": {
        "north": {
          "uv": [
            0.25,
            0,
            0.75,
            0.25
          ],
          "texture": "#1"
        },
        "east": {
          "uv": [
            0,
            0.25,
            0.25,
            1.25
          ],
          "rotation": 90,
          "texture": "#1"
        },
        "south": {
          "uv": [
            0.75,
            0,
            1.25,
            0.25
          ],
          "rotation": 180,
          "texture": "#1"
        },
        "west": {
          "uv": [
            0.75,
            0.25,
            1,
            1.25
          ],
          "rotation": 270,
          "texture": "#1"
        },
        "up": {
          "uv": [
            1,
            0.25,
            1.5,
            1.25
          ],
          "texture": "#1"
        },
        "down": {
          "uv": [
            0.25,
            0.25,
            0.75,
            1.25
          ],
          "rotation": 180,
          "texture": "#1"
        }
      }
    },
    {
      "name": "Chest wall",
      "from": [
        4.5,
        0.5,
        6
      ],
      "to": [
        5.5,
        5,
        11
      ],
      "rotation": {
        "angle": 0,
        "axis": "y",
        "origin": [
          0,
          0,
          -2
        ]
      },
      "faces": {
        "north": {
          "uv": [
            0,
            0,
            1,
            4.5
          ],
          "texture": "#missing"
        },
        "east": {
          "uv": [
            10.25,
            5.25,
            10,
            7.75
          ],
          "rotation": 90,
          "texture": "#1"
        },
        "south": {
          "uv": [
            0,
            0,
            1,
            4.5
          ],
          "texture": "#missing"
        },
        "west": {
          "uv": [
            7.5,
            8.5,
            10,
            10.75
          ],
          "rotation": 180,
          "texture": "#1"
        },
        "up": {
          "uv": [
            10.5,
            5.25,
            10,
            7.75
          ],
          "texture": "#1"
        },
        "down": {
          "uv": [
            0,
            0,
            1,
            5
          ],
          "texture": "#missing"
        }
      }
    },
    {
      "name": "Chest wall",
      "from": [
        10.5,
        0.5,
        6
      ],
      "to": [
        11.5,
        5,
        11
      ],
      "rotation": {
        "angle": 0,
        "axis": "y",
        "origin": [
          0,
          0,
          -2
        ]
      },
      "faces": {
        "north": {
          "uv": [
            0,
            0,
            1,
            4.5
          ],
          "texture": "#missing"
        },
        "east": {
          "uv": [
            0.5,
            8.5,
            3,
            10.75
          ],
          "rotation": 180,
          "texture": "#1"
        },
        "south": {
          "uv": [
            0,
            0,
            1,
            4.5
          ],
          "texture": "#missing"
        },
        "west": {
          "uv": [
            7.25,
            5.25,
            7.5,
            7.75
          ],
          "rotation": 90,
          "texture": "#1"
        },
        "up": {
          "uv": [
            7.5,
            5.25,
            7,
            7.75
          ],
          "texture": "#1"
        },
        "down": {
          "uv": [
            0,
            0,
            1,
            5
          ],
          "texture": "#missing"
        }
      }
    },
    {
      "name": "Chest wall",
      "from": [
        4.5,
        0.5,
        11
      ],
      "to": [
        11.5,
        5,
        12
      ],
      "rotation": {
        "angle": 0,
        "axis": "y",
        "origin": [
          0,
          0,
          -2
        ]
      },
      "faces": {
        "north": {
          "uv": [
            7,
            7.75,
            10.5,
            8
          ],
          "texture": "#1"
        },
        "east": {
          "uv": [
            3,
            8.5,
            3.5,
            10.75
          ],
          "rotation": 180,
          "texture": "#1"
        },
        "south": {
          "uv": [
            3.5,
            8.5,
            7,
            10.75
          ],
          "rotation": 180,
          "texture": "#1"
        },
        "west": {
          "uv": [
            7,
            8.5,
            7.5,
            10.75
          ],
          "rotation": 180,
          "texture": "#1"
        },
        "up": {
          "uv": [
            10.5,
            7.75,
            7,
            8.25
          ],
          "texture": "#1"
        },
        "down": {
          "uv": [
            0,
            0,
            7,
            1
          ],
          "texture": "#missing"
        }
      }
    },
    {
      "name": "Chest wall",
      "from": [
        4.5,
        0.5,
        5
      ],
      "to": [
        11.5,
        5,
        6
      ],
      "rotation": {
        "angle": 0,
        "axis": "y",
        "origin": [
          0,
          0,
          -2
        ]
      },
      "faces": {
        "north": {
          "uv": [
            10.5,
            8.5,
            14,
            10.75
          ],
          "rotation": 180,
          "texture": "#1"
        },
        "east": {
          "uv": [
            0,
            8.5,
            0.5,
            10.75
          ],
          "rotation": 180,
          "texture": "#1"
        },
        "south": {
          "uv": [
            10.5,
            5,
            7,
            5.25
          ],
          "texture": "#1"
        },
        "west": {
          "uv": [
            10,
            8.5,
            10.5,
            10.75
          ],
          "rotation": 180,
          "texture": "#1"
        },
        "up": {
          "uv": [
            10.5,
            4.75,
            7,
            5.25
          ],
          "texture": "#1"
        },
        "down": {
          "uv": [
            0,
            0,
            7,
            1
          ],
          "texture": "#1"
        }
      }
    },
    {
      "name": "Chest lid detail",
      "from": [
        4.5,
        6,
        12
      ],
      "to": [
        5.5,
        11,
        13
      ],
      "rotation": {
        "angle": 0,
        "axis": "y",
        "origin": [
          0,
          0,
          -2
        ]
      },
      "faces": {
        "north": {
          "uv": [
            6.5,
            0.5,
            7,
            3
          ],
          "texture": "#1"
        },
        "east": {
          "uv": [
            6.5,
            0.5,
            6.75,
            3
          ],
          "texture": "#1"
        },
        "south": {
          "uv": [
            0,
            0,
            1,
            5
          ],
          "texture": "#missing"
        },
        "west": {
          "uv": [
            7.5,
            3.5,
            10,
            4
          ],
          "rotation": 270,
          "texture": "#1"
        },
        "up": {
          "uv": [
            0,
            0,
            1,
            1
          ],
          "texture": "#missing"
        },
        "down": {
          "uv": [
            0,
            0,
            1,
            1
          ],
          "texture": "#missing"
        }
      }
    },
    {
      "name": "Chest lid detail",
      "from": [
        10.5,
        6,
        12
      ],
      "to": [
        11.5,
        11,
        13
      ],
      "rotation": {
        "angle": 0,
        "axis": "y",
        "origin": [
          0,
          0,
          -2
        ]
      },
      "faces": {
        "north": {
          "uv": [
            3.5,
            0.5,
            4,
            3
          ],
          "texture": "#1"
        },
        "east": {
          "uv": [
            0.5,
            3.5,
            3,
            4
          ],
          "rotation": 90,
          "texture": "#1"
        },
        "south": {
          "uv": [
            0,
            0,
            1,
            5
          ],
          "texture": "#missing"
        },
        "west": {
          "uv": [
            3.75,
            0.5,
            4,
            3
          ],
          "texture": "#1"
        },
        "up": {
          "uv": [
            0,
            0,
            1,
            1
          ],
          "texture": "#missing"
        },
        "down": {
          "uv": [
            0,
            0,
            1,
            1
          ],
          "texture": "#missing"
        }
      }
    },
    {
      "name": "Chest lid detail",
      "from": [
        4.5,
        11,
        12
      ],
      "to": [
        11.5,
        12,
        13
      ],
      "rotation": {
        "angle": 0,
        "axis": "y",
        "origin": [
          0,
          0,
          -2
        ]
      },
      "faces": {
        "north": {
          "uv": [
            3.5,
            0,
            7,
            0.5
          ],
          "texture": "#1"
        },
        "east": {
          "uv": [
            0,
            3.5,
            0.5,
            4
          ],
          "rotation": 90,
          "texture": "#1"
        },
        "south": {
          "uv": [
            0,
            0,
            7,
            1
          ],
          "texture": "#missing"
        },
        "west": {
          "uv": [
            10,
            3.5,
            10.5,
            4
          ],
          "rotation": 270,
          "texture": "#1"
        },
        "up": {
          "uv": [
            10.5,
            3.5,
            14,
            4
          ],
          "texture": "#1"
        },
        "down": {
          "uv": [
            3.5,
            0.25,
            7,
            0.5
          ],
          "rotation": 180,
          "texture": "#1"
        }
      }
    },
    {
      "name": "Chest lid detail",
      "from": [
        4.5,
        5,
        12
      ],
      "to": [
        11.5,
        6,
        13
      ],
      "rotation": {
        "angle": 0,
        "axis": "y",
        "origin": [
          0,
          0,
          -2
        ]
      },
      "faces": {
        "north": {
          "uv": [
            3.5,
            3,
            7,
            3.5
          ],
          "texture": "#1"
        },
        "east": {
          "uv": [
            3,
            3.5,
            3.5,
            4
          ],
          "rotation": 90,
          "texture": "#1"
        },
        "south": {
          "uv": [
            0,
            0,
            7,
            1
          ],
          "texture": "#missing"
        },
        "west": {
          "uv": [
            7,
            3.5,
            7.5,
            4
          ],
          "rotation": 270,
          "texture": "#1"
        },
        "up": {
          "uv": [
            3.5,
            3,
            7,
            3.25
          ],
          "rotation": 180,
          "texture": "#1"
        },
        "down": {
          "uv": [
            3.5,
            3.5,
            7,
            4
          ],
          "rotation": 180,
          "texture": "#1"
        }
      }
    },
    {
      "name": "Chest Lid",
      "from": [
        4.5,
        5,
        13
      ],
      "to": [
        11.5,
        12,
        14.25
      ],
      "rotation": {
        "angle": 0,
        "axis": "y",
        "origin": [
          0,
          0,
          -2
        ]
      },
      "faces": {
        "north": {
          "uv": [
            7,
            0,
            3.5,
            3.5
          ],
          "texture": "#1"
        },
        "east": {
          "uv": [
            0,
            4,
            3.5,
            4.75
          ],
          "rotation": 90,
          "texture": "#1"
        },
        "south": {
          "uv": [
            10.5,
            0,
            7,
            3.5
          ],
          "texture": "#1"
        },
        "west": {
          "uv": [
            7,
            4,
            10.5,
            4.75
          ],
          "rotation": 270,
          "texture": "#1"
        },
        "up": {
          "uv": [
            10.5,
            4,
            14,
            4.75
          ],
          "texture": "#1"
        },
        "down": {
          "uv": [
            3.5,
            4,
            7,
            4.75
          ],
          "rotation": 180,
          "texture": "#1"
        }
      }
    },
    {
      "name": "Chest floor",
      "from": [
        4.5,
        0,
        5
      ],
      "to": [
        11.5,
        0.5,
        12
      ],
      "rotation": {
        "angle": 0,
        "axis": "y",
        "origin": [
          0,
          0,
          -2
        ]
      },
      "faces": {
        "north": {
          "uv": [
            10.5,
            8.25,
            14,
            8.5
          ],
          "rotation": 180,
          "texture": "#1"
        },
        "east": {
          "uv": [
            0,
            8.25,
            3.5,
            8.5
          ],
          "rotation": 180,
          "texture": "#1"
        },
        "south": {
          "uv": [
            3.5,
            8.25,
            7,
            8.5
          ],
          "rotation": 180,
          "texture": "#1"
        },
        "west": {
          "uv": [
            7,
            8.25,
            10.5,
            8.5
          ],
          "rotation": 180,
          "texture": "#1"
        },
        "up": {
          "uv": [
            7,
            4.75,
            10.5,
            8.25
          ],
          "texture": "#1"
        },
        "down": {
          "uv": [
            3.5,
            4.75,
            7,
            8.25
          ],
          "rotation": 180,
          "texture": "#1"
        }
      }
    }
  ],
  "display": {
    "thirdperson_righthand": {
      "rotation": [
        75,
        45,
        0
      ],
      "translation": [
        0,
        2.5,
        0
      ],
      "scale": [
        0.375,
        0.375,
        0.375
      ]
    },
    "thirdperson_lefthand": {
      "rotation": [
        75,
        45,
        0
      ],
      "translation": [
        0,
        2.5,
        0
      ],
      "scale": [
        0.375,
        0.375,
        0.375
      ]
    },
    "firstperson_righthand": {
      "rotation": [
        0,
        45,
        0
      ],
      "scale": [
        0.4,
        0.4,
        0.4
      ]
    },
    "firstperson_lefthand": {
      "rotation": [
        0,
        45,
        0
      ],
      "scale": [
        0.4,
        0.4,
        0.4
      ]
    },
    "ground": {
      "translation": [
        0,
        3,
        0
      ],
      "scale": [
        0.5,
        0.5,
        0.5
      ]
    },
    "gui": {
      "rotation": [
        30,
        225,
        0
      ],
      "scale": [
        0.625,
        0.625,
        0.625
      ]
    },
    "head": {
      "translation": [
        -0.25,
        13,
        -1
      ],
      "scale": [
        2.5,
        2.5,
        2.5
      ]
    },
    "fixed": {
      "rotation": [
        0,
        90,
        0
      ]
    }
  },
  "groups": [
    {
      "name": "Player",
      "origin": [
        8,
        8,
        8
      ],
      "children": [
        0,
        1,
        2,
        3,
        4,
        5
      ]
    },
    {
      "name": "Chest",
      "origin": [
        0,
        0,
        -2
      ],
      "children": [
        6,
        7,
        8,
        9,
        10,
        11,
        12,
        13,
        14,
        15,
        16
      ]
    }
  ]
}
