{
	"format_version": "1.21.11",
	"credit": "Made by Satisfy",
	"texture_size": [64, 64],
	"textures": {
		"1": "lilis_pottery:block/lilis_statue"
	},
	"elements": [
		{
			"from": [0, -6, 0],
			"to": [16, -3, 16],
			"rotation": {"angle": 0, "axis": "y", "origin": [0, -6, 0]},
			"faces": {
				"north": {"uv": [4, 15.25, 8, 16], "texture": "#1"},
				"east": {"uv": [4, 15.25, 8, 16], "texture": "#1"},
				"south": {"uv": [4, 15.25, 8, 16], "texture": "#1"},
				"west": {"uv": [4, 15.25, 8, 16], "texture": "#1"},
				"up": {"uv": [0, 12, 4, 16], "texture": "#1"},
				"down": {"uv": [0, 12, 4, 16], "texture": "#1"}
			}
		},
		{
			"from": [4, -5, -2],
			"to": [12, 0, -1],
			"rotation": {"angle": 22.5, "axis": "x", "origin": [0, -6, 0]},
			"faces": {
				"north": {"uv": [8.25, 14.5, 10.25, 15.75], "texture": "#1"},
				"east": {"uv": [8, 14, 8.25, 15.5], "texture": "#1"},
				"south": {"uv": [10.25, 14.5, 12.25, 15.75], "texture": "#1"},
				"west": {"uv": [8, 14, 8.25, 15.5], "texture": "#1"},
				"up": {"uv": [8.25, 15.75, 10.25, 16], "texture": "#1"},
				"down": {"uv": [8.25, 15.75, 10.25, 16], "texture": "#1"}
			}
		},
		{
			"name": "Body",
			"from": [4, 9, 6],
			"to": [12, 10, 10],
			"rotation": {"angle": 0, "axis": "y", "origin": [8, -6, 8]},
			"faces": {
				"north": {"uv": [5, 7.75, 7, 8], "texture": "#1"},
				"east": {"uv": [4, 7.75, 5, 8], "texture": "#1"},
				"south": {"uv": [8, 7.75, 10, 8], "texture": "#1"},
				"west": {"uv": [7, 7.75, 8, 8], "texture": "#1"},
				"up": {"uv": [9, 5, 7, 4], "texture": "#1"},
				"down": {"uv": [9, 4, 7, 5], "texture": "#1"}
			}
		},
		{
			"name": "Right Leg",
			"from": [7.9, -3, 6],
			"to": [11.9, 9, 10],
			"rotation": {"angle": 0, "axis": "y", "origin": [8, -6, 8]},
			"faces": {
				"north": {"uv": [1, 5, 2, 8], "texture": "#1"},
				"east": {"uv": [0, 5, 1, 8], "texture": "#1"},
				"south": {"uv": [3, 5, 4, 8], "texture": "#1"},
				"west": {"uv": [2, 5, 3, 8], "texture": "#1"},
				"up": {"uv": [2, 5, 1, 4], "texture": "#1"},
				"down": {"uv": [3, 4, 2, 5], "texture": "#1"}
			}
		},
		{
			"name": "left leg",
			"from": [3.9, -5, 12],
			"to": [7.9, 8, 16],
			"rotation": {"angle": -22.5, "axis": "x", "origin": [8, -6, 8]},
			"faces": {
				"north": {"uv": [2, 5, 1, 8], "texture": "#1"},
				"east": {"uv": [2, 5, 3, 8], "texture": "#1"},
				"south": {"uv": [4, 5, 3, 8], "texture": "#1"},
				"west": {"uv": [0, 5, 1, 8], "texture": "#1"},
				"up": {"uv": [2, 4, 1, 5], "texture": "#1"},
				"down": {"uv": [3, 4, 2, 5], "texture": "#1"}
			}
		},
		{
			"name": "Left Arm",
			"from": [0, 8, 9],
			"to": [4, 20, 13],
			"rotation": {"angle": -22.5, "axis": "x", "origin": [8, 10, 8]},
			"faces": {
				"north": {"uv": [11, 5, 12, 8], "texture": "#1"},
				"east": {"uv": [10, 5, 11, 8], "texture": "#1"},
				"south": {"uv": [13, 5, 14, 8], "texture": "#1"},
				"west": {"uv": [12, 5, 13, 8], "texture": "#1"},
				"up": {"uv": [12, 5, 11, 4], "texture": "#1"},
				"down": {"uv": [13, 4, 12, 5], "texture": "#1"}
			}
		},
		{
			"name": "Right Arm",
			"from": [12, 16, -6.05],
			"to": [16, 20, 5.95],
			"rotation": {"angle": 22.5, "axis": "x", "origin": [8, 10, 8]},
			"faces": {
				"north": {"uv": [4, 11, 3, 12], "texture": "#1"},
				"east": {"uv": [0, 11, 3, 12], "texture": "#1"},
				"south": {"uv": [4, 11, 5, 12], "texture": "#1"},
				"west": {"uv": [5, 11, 8, 12], "texture": "#1"},
				"up": {"uv": [4, 11, 3, 8], "texture": "#1"},
				"down": {"uv": [5, 8, 4, 11], "texture": "#1"}
			}
		},
		{
			"name": "flower",
			"from": [14, 23.368, -3.95943],
			"to": [14, 31.368, 4.04057],
			"rotation": {"angle": 22.5, "axis": "x", "origin": [14, 27.368, 0.04057]},
			"faces": {
				"north": {"uv": [0, 0, 0, 2], "texture": "#1"},
				"east": {"uv": [8, 10, 10, 12], "texture": "#1"},
				"south": {"uv": [0, 0, 0, 2], "texture": "#1"},
				"west": {"uv": [8, 10, 10, 12], "texture": "#1"},
				"up": {"uv": [0, 2, 0, 0], "texture": "#1"},
				"down": {"uv": [0, 0, 0, 2], "texture": "#1"}
			}
		},
		{
			"name": "flower",
			"from": [10, 23.368, 0.04057],
			"to": [18, 31.368, 0.04057],
			"rotation": {"angle": 22.5, "axis": "x", "origin": [14, 27.368, 0.04057]},
			"faces": {
				"north": {"uv": [8, 10, 10, 12], "texture": "#1"},
				"east": {"uv": [0, 0, 0, 2], "texture": "#1"},
				"south": {"uv": [8, 10, 10, 12], "texture": "#1"},
				"west": {"uv": [0, 0, 0, 2], "texture": "#1"},
				"up": {"uv": [2, 0, 0, 0], "texture": "#1"},
				"down": {"uv": [2, 0, 0, 0], "texture": "#1"}
			}
		},
		{
			"name": "Body",
			"from": [4, 10, 6],
			"to": [12, 21, 10],
			"rotation": {"angle": 0, "axis": "y", "origin": [8, 10, 8]},
			"faces": {
				"north": {"uv": [5, 5, 7, 7.75], "texture": "#1"},
				"east": {"uv": [4, 5, 5, 7.75], "texture": "#1"},
				"south": {"uv": [8, 5, 10, 7.75], "texture": "#1"},
				"west": {"uv": [7, 5, 8, 7.75], "texture": "#1"},
				"up": {"uv": [7, 5, 5, 4], "texture": "#1"},
				"down": {"uv": [9, 4, 7, 5], "texture": "#1"}
			}
		},
		{
			"name": "Head",
			"from": [4, 21, 4],
			"to": [12, 29, 12],
			"rotation": {"angle": 0, "axis": "y", "origin": [8, 10, 8]},
			"faces": {
				"north": {"uv": [2, 2, 4, 4], "texture": "#1"},
				"east": {"uv": [0, 2, 2, 4], "texture": "#1"},
				"south": {"uv": [6, 2, 8, 4], "texture": "#1"},
				"west": {"uv": [4, 2, 6, 4], "texture": "#1"},
				"up": {"uv": [4, 2, 2, 0], "texture": "#1"},
				"down": {"uv": [6, 0, 4, 2], "texture": "#1"}
			}
		},
		{
			"name": "flower_crown",
			"from": [3.8, 25.8, 3.8],
			"to": [12.2, 30.2, 12.2],
			"rotation": {"angle": 0, "axis": "y", "origin": [9, 10, 9]},
			"faces": {
				"north": {"uv": [10, 2.725, 12, 3.725], "texture": "#1"},
				"east": {"uv": [8, 2.75, 10, 3.75], "texture": "#1"},
				"south": {"uv": [14, 2.725, 16, 3.725], "texture": "#1"},
				"west": {"uv": [12, 2.725, 14, 3.725], "texture": "#1"},
				"up": {"uv": [12, 2.75, 10, 0.75], "texture": "#1"},
				"down": {"uv": [14, 0.75, 12, 2.75], "texture": "#1"}
			}
		}
	],
	"display": {
		"thirdperson_righthand": {
			"translation": [0, -1, 0.75],
			"scale": [0.3, 0.3, 0.3]
		},
		"thirdperson_lefthand": {
			"translation": [0, -1, 0.75],
			"scale": [0.3, 0.3, 0.3]
		},
		"firstperson_righthand": {
			"rotation": [-180, 54, -180],
			"translation": [1, 2.25, 0],
			"scale": [0.3, 0.3, 0.3]
		},
		"firstperson_lefthand": {
			"rotation": [-180, 54, -180],
			"translation": [1, 2.25, 0],
			"scale": [0.3, 0.3, 0.3]
		}
	}
}