{
	"format_version": "1.9.0",
	"credit": "Made with Blockbench",
	"texture_size": [32, 32],
	"textures": {
		"1": "vinery:block/basket"
	},
	"elements": [
		{
			"from": [4, 0, 2],
			"to": [14, 7, 14],
			"rotation": {"angle": 0, "axis": "y", "origin": [12, 0, 12]},
			"faces": {
				"north": {"uv": [7.33333, 5.66667, 4, 3.5], "texture": "#1"},
				"east": {"uv": [7.33333, 5.66667, 3.33333, 3.5], "texture": "#1"},
				"south": {"uv": [7.33333, 5.66667, 4, 3.5], "texture": "#1"},
				"west": {"uv": [7.33333, 5.66667, 3.33333, 3.5], "texture": "#1"},
				"up": {"uv": [5.66667, 8.33333, 9.66667, 5], "rotation": 90, "texture": "#1"},
				"down": {"uv": [7.33333, 0, 3.33333, 3.33333], "texture": "#1"}
			}
		},
		{
			"from": [8, 4.8, 1.9],
			"to": [10, 12.8, 1.9],
			"rotation": {"angle": 0, "axis": "y", "origin": [8, 6.8, -0.1]},
			"faces": {
				"north": {"uv": [0.66667, 10.3, 0, 7.66667], "texture": "#1"},
				"east": {"uv": [0, 0, 0, 3], "texture": "#1"},
				"south": {"uv": [0, 10.3, 0.66667, 8.33333], "texture": "#1"},
				"west": {"uv": [0, 0, 0, 3], "texture": "#1"},
				"up": {"uv": [1, 0, 0, 0], "texture": "#1"},
				"down": {"uv": [1, 0, 0, 0], "texture": "#1"}
			}
		},
		{
			"from": [8, 4.8, 14],
			"to": [10, 12.8, 14],
			"rotation": {"angle": 0, "axis": "y", "origin": [8, 6.8, 12]},
			"faces": {
				"north": {"uv": [0.66667, 10.3, 0, 7.66667], "texture": "#1"},
				"east": {"uv": [0, 0, 0, 3], "texture": "#1"},
				"south": {"uv": [0, 10.3, 0.66667, 8.33333], "texture": "#1"},
				"west": {"uv": [0, 0, 0, 3], "texture": "#1"},
				"up": {"uv": [1, 0, 0, 0], "texture": "#1"},
				"down": {"uv": [1, 0, 0, 0], "texture": "#1"}
			}
		},
		{
			"from": [8, 12.8, 1.9],
			"to": [10, 12.8, 14],
			"rotation": {"angle": 0, "axis": "x", "origin": [8, 14.8, 5]},
			"faces": {
				"north": {"uv": [0, 0, 1, 0], "texture": "#1"},
				"east": {"uv": [0, 0, 6, 0], "texture": "#1"},
				"south": {"uv": [0, 0, 1, 0], "texture": "#1"},
				"west": {"uv": [0, 0, 6, 0], "texture": "#1"},
				"up": {"uv": [5.33333, 8, 1.33333, 7.33333], "rotation": 90, "texture": "#1"},
				"down": {"uv": [5.33333, 8, 1.33333, 7.33333], "rotation": 90, "texture": "#1"}
			}
		}
	],
	"display": {
		"thirdperson_righthand": {
			"rotation": [90, 0, 0],
			"translation": [-0.75, -2, -2],
			"scale": [0.7, 0.7, 0.7]
		},
		"thirdperson_lefthand": {
			"rotation": [90, 0, 0],
			"translation": [0.5, -2, -2],
			"scale": [0.7, 0.7, 0.7]
		},
		"firstperson_righthand": {
			"translation": [0.5, 3.25, 0],
			"scale": [0.7, 0.7, 0.7]
		},
		"firstperson_lefthand": {
			"translation": [0.5, 3.25, 0],
			"scale": [0.7, 0.7, 0.7]
		},
		"ground": {
			"translation": [0, 4.25, 0]
		},
		"head": {
			"translation": [-0.75, 14.5, 0]
		}
	},
	"groups": [
		{
			"name": "group",
			"origin": [8, 8, 8],
			"color": 0,
			"children": [0, 1, 2, 3]
		}
	]
}