{
	"format_version": "1.21.6",
	"credit": "Made by Satisfy",
	"textures": {
		"particle": "vinery:block/wine/cherry_wine",
		"small_wine_bottle": "vinery:block/wine/cherry_wine"
	},
	"elements": [
		{
			"name": "bottleneck",
			"from": [7, 11, 7],
			"to": [9, 15, 9],
			"faces": {
				"north": {"uv": [0, 0, 2, 4], "texture": "#small_wine_bottle"},
				"east": {"uv": [0, 0, 2, 4], "texture": "#small_wine_bottle"},
				"south": {"uv": [0, 0, 2, 4], "texture": "#small_wine_bottle"},
				"west": {"uv": [0, 0, 2, 4], "texture": "#small_wine_bottle"},
				"up": {"uv": [2, 0, 4, 2], "texture": "#small_wine_bottle"}
			}
		},
		{
			"name": "body",
			"from": [6, 0, 6],
			"to": [10, 11, 10],
			"faces": {
				"north": {"uv": [12, 6, 16, 16], "texture": "#small_wine_bottle"},
				"east": {"uv": [8, 6, 12, 16], "texture": "#small_wine_bottle"},
				"south": {"uv": [8, 6, 12, 16], "texture": "#small_wine_bottle"},
				"west": {"uv": [8, 6, 12, 16], "texture": "#small_wine_bottle"},
				"up": {"uv": [12, 2, 16, 6], "texture": "#small_wine_bottle"},
				"down": {"uv": [8, 2, 12, 6], "texture": "#small_wine_bottle"}
			}
		}
	],
	"display": {
		"thirdperson_righthand": {
			"rotation": [21.61, -6.47, 6.23],
			"translation": [0, -0.75, 0.25],
			"scale": [0.7, 0.7, 0.7]
		},
		"thirdperson_lefthand": {
			"rotation": [21.61, -6.47, 6.23],
			"translation": [0, -0.75, 0.25],
			"scale": [0.7, 0.7, 0.7]
		},
		"firstperson_righthand": {
			"rotation": [-7.63, 5.61, 26.19],
			"translation": [0.75, 2.75, 1.5],
			"scale": [0.7, 0.7, 0.7]
		},
		"firstperson_lefthand": {
			"rotation": [-9.09, 4.37, 26.35],
			"translation": [0.75, 2.75, 1.75],
			"scale": [0.7, 0.7, 0.7]
		},
		"ground": {
			"translation": [0, 4.25, 0]
		},
		"head": {
			"translation": [0, 14.5, 0]
		}
	}
}