{
	"format_version": "1.21.6",
	"credit": "Made by Satisfy",
	"textures": {
		"1": "vinery:block/wine/chorus_wine_parts",
		"5": "vinery:block/wine/chorus_wine",
		"particle": "vinery:block/wine/chorus_wine"
	},
	"elements": [
		{
			"from": [2, 2, 2],
			"to": [14, 5, 14],
			"rotation": {"angle": 0, "axis": "y", "origin": [2, 2, 2]},
			"faces": {
				"north": {"uv": [2, 11, 14, 14], "texture": "#5"},
				"east": {"uv": [2, 11, 14, 14], "texture": "#5"},
				"south": {"uv": [2, 11, 14, 14], "texture": "#5"},
				"west": {"uv": [2, 11, 14, 14], "texture": "#5"},
				"up": {"uv": [0, 0, 12, 12], "texture": "#1"},
				"down": {"uv": [0, 0, 12, 12], "texture": "#1"}
			}
		},
		{
			"from": [7, 7, 7],
			"to": [9, 13, 9],
			"rotation": {"angle": 0, "axis": "y", "origin": [8, 11, 8]},
			"faces": {
				"north": {"uv": [7, 3, 9, 9], "texture": "#5"},
				"east": {"uv": [7, 3, 9, 9], "texture": "#5"},
				"south": {"uv": [7, 3, 9, 9], "texture": "#5"},
				"west": {"uv": [7, 3, 9, 9], "texture": "#5"},
				"up": {"uv": [7, 1, 9, 3], "texture": "#5"},
				"down": {"uv": [6, 15, 5, 16], "texture": "#5"}
			}
		},
		{
			"from": [3, 0, 3],
			"to": [13, 7, 13],
			"rotation": {"angle": 0, "axis": "y", "origin": [8, 1, 8]},
			"faces": {
				"north": {"uv": [3, 9, 13, 16], "texture": "#5"},
				"east": {"uv": [3, 9, 13, 16], "texture": "#5"},
				"south": {"uv": [3, 9, 13, 16], "texture": "#5"},
				"west": {"uv": [3, 9, 13, 16], "texture": "#5"},
				"up": {"uv": [11, 11, 1, 1], "texture": "#1"},
				"down": {"uv": [11, 11, 1, 1], "texture": "#1"}
			}
		},
		{
			"from": [6, 10, 6],
			"to": [10, 12, 10],
			"rotation": {"angle": 0, "axis": "y", "origin": [8, 5.5, 8]},
			"faces": {
				"north": {"uv": [6, 4, 10, 6], "texture": "#5"},
				"east": {"uv": [6, 4, 10, 6], "texture": "#5"},
				"south": {"uv": [6, 4, 10, 6], "texture": "#5"},
				"west": {"uv": [6, 4, 10, 6], "texture": "#5"},
				"up": {"uv": [12, 0, 16, 4], "texture": "#1"},
				"down": {"uv": [12, 0, 16, 4], "texture": "#1"}
			}
		}
	],
	"gui_light": "front",
	"display": {
		"thirdperson_righthand": {
			"rotation": [20.89, -6.95, 6.5],
			"translation": [-0.25, -0.5, 1.5],
			"scale": [0.7, 0.7, 0.7]
		},
		"thirdperson_lefthand": {
			"rotation": [20.89, -6.95, 6.5],
			"translation": [-0.25, -0.5, 1.5],
			"scale": [0.7, 0.7, 0.7]
		},
		"firstperson_righthand": {
			"rotation": [-111.93, 63.54, 106.89],
			"translation": [0.5, 4, 1.5],
			"scale": [0.7, 0.7, 0.7]
		},
		"firstperson_lefthand": {
			"rotation": [-109.43, 63.7, 98.84],
			"translation": [0.5, 4, 1.75],
			"scale": [0.7, 0.85, 0.7]
		},
		"ground": {
			"rotation": [-8.53, -1.45, 19.3],
			"translation": [-2, 2, -1],
			"scale": [0.6, 0.6, 0.6]
		},
		"gui": {
			"rotation": [-180, 45, -180],
			"translation": [-0.25, 0, 0],
			"scale": [0.8, 0.8, 0.8]
		},
		"head": {
			"rotation": [0, 0, 90],
			"translation": [-9.75, 0, 0]
		}
	},
	"groups": [
		{
			"name": "chorus",
			"origin": [0, 0, 0],
			"color": 0,
			"children": [0, 1, 2, 3]
		}
	]
}