{
	"format_version": "1.21.6",
	"credit": "Made by Satisfy",
	"textures": {
		"2": "vinery:block/wine/creeper_wine",
		"particle": "vinery:block/wine/creeper_wine"
	},
	"elements": [
		{
			"from": [7, 12, 7],
			"to": [9, 13, 9],
			"rotation": {"angle": 0, "axis": "y", "origin": [7.5, 10.8, -1.5]},
			"faces": {
				"north": {"uv": [13, 1, 15, 2], "texture": "#2"},
				"east": {"uv": [13, 1, 15, 2], "texture": "#2"},
				"south": {"uv": [13, 1, 15, 2], "texture": "#2"},
				"west": {"uv": [13, 1, 15, 2], "texture": "#2"},
				"up": {"uv": [13, 1, 15, 3], "texture": "#2"},
				"down": {"uv": [13, 1, 15, 3], "texture": "#2"}
			}
		},
		{
			"from": [6, 3, 6],
			"to": [10, 6, 10],
			"rotation": {"angle": 0, "axis": "y", "origin": [12.5, 7.65, 3.5]},
			"faces": {
				"north": {"uv": [1, 5, 5, 8], "texture": "#2"},
				"east": {"uv": [1, 5, 5, 8], "texture": "#2"},
				"south": {"uv": [1, 5, 5, 8], "texture": "#2"},
				"west": {"uv": [1, 5, 5, 8], "texture": "#2"}
			}
		},
		{
			"from": [6.1, 3, 6.1],
			"to": [9.9, 6.3, 9.9],
			"rotation": {"angle": 0, "axis": "y", "origin": [12.6, 7.65, 3.6]},
			"faces": {
				"north": {"uv": [12, 8, 16, 11], "texture": "#2"},
				"east": {"uv": [12, 8, 16, 11], "texture": "#2"},
				"south": {"uv": [12, 8, 16, 11], "texture": "#2"},
				"west": {"uv": [12, 8, 16, 11], "texture": "#2"}
			}
		},
		{
			"from": [6, 11, 6],
			"to": [10, 12, 10],
			"rotation": {"angle": 0, "axis": "y", "origin": [7, 7.65, -3]},
			"faces": {
				"north": {"uv": [12, 3, 16, 4], "texture": "#2"},
				"east": {"uv": [12, 0, 16, 1], "texture": "#2"},
				"south": {"uv": [12, 3, 16, 4], "texture": "#2"},
				"west": {"uv": [12, 0, 16, 1], "texture": "#2"},
				"up": {"uv": [12, 0, 16, 4], "texture": "#2"},
				"down": {"uv": [12, 0, 16, 4], "texture": "#2"}
			}
		},
		{
			"from": [5, 0, 5],
			"to": [11, 3, 11],
			"rotation": {"angle": 0, "axis": "y", "origin": [5, 0, 2]},
			"faces": {
				"north": {"uv": [6, 0, 12, 3], "texture": "#2"},
				"east": {"uv": [6, 0, 12, 3], "texture": "#2"},
				"south": {"uv": [6, 0, 12, 3], "texture": "#2"},
				"west": {"uv": [6, 0, 12, 3], "texture": "#2"},
				"up": {"uv": [0, 0, 6, 6], "texture": "#2"},
				"down": {"uv": [0, 0, 6, 6], "texture": "#2"}
			}
		},
		{
			"from": [5.1, 0.1, 5.1],
			"to": [10.9, 2.9, 10.9],
			"rotation": {"angle": 0, "axis": "y", "origin": [5.1, 0, 2.1]},
			"faces": {
				"north": {"uv": [9, 5, 15, 8], "texture": "#2"},
				"east": {"uv": [9, 5, 15, 8], "texture": "#2"},
				"south": {"uv": [9, 5, 15, 8], "texture": "#2"},
				"west": {"uv": [9, 5, 15, 8], "texture": "#2"},
				"up": {"uv": [9, 4, 15, 10], "texture": "#2"},
				"down": {"uv": [9, 4, 15, 10], "texture": "#2"}
			}
		},
		{
			"from": [4, 6, 4],
			"to": [12, 11, 12],
			"rotation": {"angle": 0, "axis": "y", "origin": [4, 0, 1]},
			"faces": {
				"north": {"uv": [8, 11, 16, 16], "texture": "#2"},
				"east": {"uv": [8, 11, 16, 16], "texture": "#2"},
				"south": {"uv": [8, 11, 16, 16], "texture": "#2"},
				"west": {"uv": [8, 11, 16, 16], "texture": "#2"},
				"up": {"uv": [0, 8, 8, 16], "texture": "#2"},
				"down": {"uv": [0, 8, 8, 16], "texture": "#2"}
			}
		},
		{
			"from": [4.1, 6.1, 4.1],
			"to": [11.9, 10.5, 11.9],
			"rotation": {"angle": 0, "axis": "y", "origin": [4.1, 0, 1.1]},
			"faces": {
				"north": {"uv": [8, 4, 16, 8], "texture": "#2"},
				"east": {"uv": [8, 4, 16, 8], "texture": "#2"},
				"south": {"uv": [8, 4, 16, 8], "texture": "#2"},
				"west": {"uv": [8, 4, 16, 8], "texture": "#2"},
				"up": {"uv": [8, 4, 16, 11], "texture": "#2"},
				"down": {"uv": [8, 4, 16, 11], "texture": "#2"}
			}
		}
	],
	"gui_light": "front",
	"display": {
		"thirdperson_righthand": {
			"rotation": [20.34, -6.44, 5.95],
			"translation": [0, 2.25, 1.25],
			"scale": [0.7, 0.7, 0.7]
		},
		"thirdperson_lefthand": {
			"rotation": [20.34, -6.44, 5.95],
			"translation": [0, 2.25, 1.25],
			"scale": [0.7, 0.7, 0.7]
		},
		"firstperson_righthand": {
			"rotation": [-113.52, 62.58, 106],
			"translation": [0.25, 3.5, 1.75],
			"scale": [0.6, 0.6, 0.6]
		},
		"firstperson_lefthand": {
			"rotation": [-113.52, 62.58, 106],
			"translation": [0.25, 3.5, 1.75],
			"scale": [0.6, 0.6, 0.6]
		},
		"ground": {
			"rotation": [-8.53, -1.45, 19.3],
			"translation": [-2, 1, -1],
			"scale": [0.6, 0.6, 0.6]
		},
		"gui": {
			"rotation": [-180, 26, -180],
			"translation": [-0.25, 4.5, 0]
		},
		"head": {
			"rotation": [0, 0, 90],
			"translation": [-9.75, 0, 0]
		},
		"fixed": {
			"rotation": [-90, 0, 0],
			"translation": [3.75, 3.75, -12]
		}
	},
	"groups": [
		{
			"name": "normalsign",
			"origin": [-0.2, 0, 0.8],
			"color": 0,
			"children": [0, 1, 2, 3, 4, 5, 6, 7]
		}
	]
}