{
	"format_version": "1.21.6",
	"credit": "Made by Satisfy",
	"textures": {
		"1": "vinery:block/wine/cristel_wine"
	},
	"elements": [
		{
			"from": [6.8, 17.9, 6.8],
			"to": [9.2, 19.3, 9.2],
			"rotation": {"angle": 0, "axis": "y", "origin": [7.5, 16.18794, 4.875]},
			"faces": {
				"north": {"uv": [0, 8, 2, 9], "texture": "#1"},
				"east": {"uv": [0, 8, 2, 9], "texture": "#1"},
				"south": {"uv": [0, 8, 2, 9], "texture": "#1"},
				"west": {"uv": [0, 8, 2, 9], "texture": "#1"},
				"up": {"uv": [0, 7, 2, 9], "texture": "#1"},
				"down": {"uv": [0, 7, 2, 9], "texture": "#1"}
			}
		},
		{
			"from": [6.8, 13.5, 6.8],
			"to": [9.2, 17.9, 9.2],
			"rotation": {"angle": 0, "axis": "y", "origin": [10.5, 16.18794, 6.875]},
			"faces": {
				"north": {"uv": [13, 1, 15, 4], "texture": "#1"},
				"east": {"uv": [13, 1, 15, 4], "texture": "#1"},
				"south": {"uv": [13, 1, 15, 4], "texture": "#1"},
				"west": {"uv": [13, 1, 15, 4], "texture": "#1"},
				"up": {"uv": [14, 9, 16, 11], "texture": "#1"},
				"down": {"uv": [14, 9, 16, 11], "texture": "#1"}
			}
		},
		{
			"from": [6.40984, 6.82294, 4.001],
			"to": [9.40784, 13.82094, 11.999],
			"rotation": {"angle": 22.5, "axis": "z", "origin": [9.5, 16.18794, 5.875]},
			"faces": {
				"north": {"uv": [14, 0, 16, 4], "texture": "#1"},
				"east": {"uv": [9, 0, 14, 4], "texture": "#1"},
				"south": {"uv": [14, 4, 16, 8], "texture": "#1"},
				"west": {"uv": [0, 5.75, 2, 4], "texture": "#1"},
				"up": {"uv": [0.75, 8.5, 0, 6.5], "texture": "#1"},
				"down": {"uv": [6.5, 5.75, 5.75, 7.75], "texture": "#1"}
			}
		},
		{
			"from": [12.999, 2.499, 4],
			"to": [15.999, 9.499, 12],
			"rotation": {"angle": -22.5, "axis": "z", "origin": [9.5, 16.18794, 5.875]},
			"faces": {
				"north": {"uv": [14, 10, 10, 12], "rotation": 90, "texture": "#1"},
				"east": {"uv": [9, 0, 14, 4], "texture": "#1"},
				"south": {"uv": [14, 12, 10, 10], "rotation": 90, "texture": "#1"},
				"west": {"uv": [0, 5.75, 2, 4], "texture": "#1"},
				"up": {"uv": [0.75, 8.5, 0, 6.5], "texture": "#1"},
				"down": {"uv": [6.5, 5.75, 5.75, 7.75], "texture": "#1"}
			}
		},
		{
			"from": [5.65297, 6.95516, 3.988],
			"to": [10.33322, 13.97916, 12.012],
			"rotation": {"angle": 0, "axis": "y", "origin": [9.5, 16.18794, 5.875]},
			"faces": {
				"north": {"uv": [10, 11, 14, 16], "texture": "#1"},
				"east": {"uv": [7.5, 16, 9.5, 14.25], "texture": "#1"},
				"south": {"uv": [10, 11, 14, 16], "texture": "#1"},
				"west": {"uv": [7.5, 16, 9.5, 14.25], "texture": "#1"},
				"up": {"uv": [10, 5, 14, 11], "texture": "#1"},
				"down": {"uv": [9.75, 14, 8.5, 16], "texture": "#1"}
			}
		},
		{
			"from": [5.65297, -0.04484, 3.988],
			"to": [10.33322, 6.97916, 12.012],
			"rotation": {"angle": 0, "axis": "y", "origin": [9.5, 16.18794, 5.875]},
			"faces": {
				"north": {"uv": [14, 16, 10, 11], "texture": "#1"},
				"east": {"uv": [3, 0, 0, 1], "texture": "#1"},
				"south": {"uv": [14, 16, 10, 11], "texture": "#1"},
				"west": {"uv": [3, 0, 0, 1], "texture": "#1"},
				"up": {"uv": [14, 11, 10, 5], "texture": "#1"},
				"down": {"uv": [8.5, 16, 9.75, 14], "texture": "#1"}
			}
		},
		{
			"from": [6.82052, 5.67489, 4.001],
			"to": [9.81852, 12.67289, 11.999],
			"rotation": {"angle": -22.5, "axis": "z", "origin": [9.5, 16.18794, 5.875]},
			"faces": {
				"north": {"uv": [14, 4, 16, 8], "texture": "#1"},
				"east": {"uv": [4.5, 1.75, 6.5, 0], "texture": "#1"},
				"south": {"uv": [14, 0, 16, 4], "texture": "#1"},
				"west": {"uv": [9, 0, 14, 4], "texture": "#1"},
				"up": {"uv": [1.5, 8.5, 0.75, 6.5], "texture": "#1"},
				"down": {"uv": [7.25, 0, 6.5, 2], "texture": "#1"}
			}
		},
		{
			"from": [0.199, 3.67389, 4],
			"to": [3.199, 10.67389, 12],
			"rotation": {"angle": 22.5, "axis": "z", "origin": [9.5, 16.18794, 5.875]},
			"faces": {
				"north": {"uv": [14, 12, 10, 10], "rotation": 90, "texture": "#1"},
				"east": {"uv": [4.5, 1.75, 6.5, 0], "texture": "#1"},
				"south": {"uv": [14, 10, 10, 12], "rotation": 90, "texture": "#1"},
				"west": {"uv": [14, 4, 9, 0], "texture": "#1"},
				"up": {"uv": [1.5, 8.5, 0.75, 6.5], "texture": "#1"},
				"down": {"uv": [7.25, 0, 6.5, 2], "texture": "#1"}
			}
		},
		{
			"name": "band",
			"from": [2.9, 5.9, 3.9],
			"to": [13.1, 8.1, 12.1],
			"rotation": {"angle": 0, "axis": "y", "origin": [7, 0, 7]},
			"faces": {
				"north": {"uv": [0, 4, 10, 6], "texture": "#1"},
				"east": {"uv": [2, 4, 10, 6], "texture": "#1"},
				"south": {"uv": [0, 4, 10, 6], "texture": "#1"},
				"west": {"uv": [0, 4, 8, 6], "texture": "#1"}
			}
		}
	],
	"gui_light": "front",
	"display": {
		"thirdperson_righthand": {
			"rotation": [21.65, -6.84, 6.63],
			"translation": [0, -4, -0.25],
			"scale": [0.5, 0.5, 0.5]
		},
		"thirdperson_lefthand": {
			"rotation": [21.65, -6.84, 6.63],
			"translation": [0, -4, -0.25],
			"scale": [0.5, 0.5, 0.5]
		},
		"firstperson_righthand": {
			"rotation": [-7.36, 6.6, 25.43],
			"translation": [2.25, -0.25, 1.75],
			"scale": [0.7, 0.7, 0.7]
		},
		"firstperson_lefthand": {
			"rotation": [-8.72, 3.9, 25.59],
			"translation": [2.25, -0.25, 2],
			"scale": [0.7, 0.7, 0.7]
		},
		"ground": {
			"rotation": [-8.53, -1.45, 19.3],
			"translation": [-2, 1, -1],
			"scale": [0.6, 0.6, 0.6]
		},
		"gui": {
			"rotation": [-180, 13, -180],
			"translation": [0, -1.25, 0],
			"scale": [0.8, 0.8, 0.8]
		},
		"head": {
			"rotation": [0, 0, 90],
			"translation": [-9.75, 0, 0]
		}
	},
	"groups": [
		{
			"name": "top",
			"origin": [0, 0, 0],
			"color": 0,
			"children": [0, 1]
		},
		{
			"name": "body",
			"origin": [8, 8, 8],
			"color": 0,
			"children": [2, 3, 4, 5, 6, 7]
		},
		8
	]
}