{
	"format_version": "1.21.6",
	"credit": "Made by satisfy",
	"textures": {
		"1": "vinery:block/wine/jellie_wine_parts",
		"2": "vinery:block/wine/jellie_wine_bottom",
		"4": "vinery:block/wine/jellie_wine",
		"particle": "vinery:block/wine/jellie_wine"
	},
	"elements": [
		{
			"from": [4, 0, 4],
			"to": [12, 10, 12],
			"rotation": {"angle": 0, "axis": "y", "origin": [8, 4, 8]},
			"faces": {
				"north": {"uv": [4, 6, 12, 16], "texture": "#4"},
				"east": {"uv": [4, 6, 12, 16], "texture": "#4"},
				"south": {"uv": [4, 6, 12, 16], "texture": "#4"},
				"west": {"uv": [4, 6, 12, 16], "texture": "#4"},
				"up": {"uv": [8, 0, 0, 8], "texture": "#1"},
				"down": {"uv": [8, 8, 0, 16], "texture": "#1"}
			}
		},
		{
			"from": [3, 1, 3],
			"to": [13, 7, 13],
			"rotation": {"angle": 0, "axis": "y", "origin": [8, 4, 8]},
			"faces": {
				"north": {"uv": [14, 0, 8, 10], "rotation": 90, "texture": "#1"},
				"east": {"uv": [3, 8, 13, 14], "texture": "#4"},
				"south": {"uv": [3, 8, 13, 14], "texture": "#4"},
				"west": {"uv": [3, 8, 13, 14], "texture": "#4"},
				"up": {"uv": [13, 13, 3, 3], "texture": "#2"},
				"down": {"uv": [13, 13, 3, 3], "texture": "#2"}
			}
		},
		{
			"from": [3.2, 1.2, 3.2],
			"to": [12.8, 6.8, 12.8],
			"rotation": {"angle": 0, "axis": "y", "origin": [8, 4, 8]},
			"faces": {
				"north": {"uv": [13.5, 11.25, 16, 12.75], "texture": "#4", "tintindex": 0},
				"east": {"uv": [13.5, 9.75, 16, 11.25], "texture": "#4", "tintindex": 0},
				"south": {"uv": [13.5, 13, 16, 14.5], "texture": "#4", "tintindex": 0},
				"west": {"uv": [13.5, 14.5, 16, 16], "texture": "#4", "tintindex": 0},
				"up": {"uv": [16, 7.25, 13.5, 4.75], "texture": "#4", "tintindex": 0},
				"down": {"uv": [16, 7.25, 13.5, 9.75], "texture": "#4", "tintindex": 0}
			}
		},
		{
			"from": [4.2, 6.8, 4.2],
			"to": [11.8, 8.4, 11.8],
			"rotation": {"angle": 0, "axis": "y", "origin": [9, 4, 9]},
			"faces": {
				"north": {"uv": [13.5, 11.5, 16, 12], "texture": "#4", "tintindex": 0},
				"east": {"uv": [13.5, 9.75, 16, 10.25], "texture": "#4", "tintindex": 0},
				"south": {"uv": [13.5, 14.75, 16, 15.25], "texture": "#4", "tintindex": 0},
				"west": {"uv": [13.5, 10, 16, 10.5], "texture": "#4", "tintindex": 0},
				"up": {"uv": [16, 7.25, 13.5, 4.75], "texture": "#4", "tintindex": 0},
				"down": {"uv": [16, 7.25, 13.5, 9.75], "texture": "#4", "tintindex": 0}
			}
		},
		{
			"from": [6, 14, 6],
			"to": [10, 16, 10],
			"rotation": {"angle": 0, "axis": "y", "origin": [8, 7, 8]},
			"faces": {
				"north": {"uv": [6, 0, 10, 2], "texture": "#4"},
				"east": {"uv": [6, 0, 10, 2], "texture": "#4"},
				"south": {"uv": [6, 0, 10, 2], "texture": "#4"},
				"west": {"uv": [6, 0, 10, 2], "texture": "#4"},
				"up": {"uv": [8, 10, 12, 14], "texture": "#1"},
				"down": {"uv": [7.5, 1, 6.5, 2], "texture": "#4"}
			}
		},
		{
			"from": [7, 10, 7],
			"to": [9, 14, 9],
			"rotation": {"angle": 0, "axis": "y", "origin": [9, 9, 9]},
			"faces": {
				"north": {"uv": [7, 2, 9, 6], "texture": "#4"},
				"east": {"uv": [7, 2, 9, 6], "texture": "#4"},
				"south": {"uv": [7, 2, 9, 6], "texture": "#4"},
				"west": {"uv": [7, 2, 9, 6], "texture": "#4"}
			}
		}
	],
	"gui_light": "front",
	"display": {
		"thirdperson_righthand": {
			"rotation": [21.86, -6.47, 6.27],
			"translation": [-0.25, -2.75, 0],
			"scale": [0.6, 0.6, 0.6]
		},
		"thirdperson_lefthand": {
			"rotation": [21.86, -6.47, 6.27],
			"translation": [-0.25, -2.75, 0],
			"scale": [0.6, 0.6, 0.6]
		},
		"firstperson_righthand": {
			"rotation": [-7.58, 6.16, 25.47],
			"translation": [1.5, 1.75, 1.75],
			"scale": [0.7, 0.7, 0.7]
		},
		"firstperson_lefthand": {
			"rotation": [-9.18, 3.02, 25.63],
			"translation": [1.5, 1.75, 2],
			"scale": [0.7, 0.7, 0.7]
		},
		"ground": {
			"rotation": [-8.53, -1.45, 19.3],
			"translation": [-2, 1, -1],
			"scale": [0.6, 0.6, 0.6]
		},
		"gui": {
			"rotation": [-180, 40.5, -180],
			"translation": [0, -0.25, 0],
			"scale": [0.9, 0.9, 0.9]
		},
		"head": {
			"rotation": [0, 0, 90],
			"translation": [-9.75, 0, 0]
		}
	},
	"groups": [
		{
			"name": "fat",
			"origin": [0, 0, 0],
			"color": 0,
			"children": [0, 1, 2, 3, 4, 5]
		}
	]
}