{
	"format_version": "1.21.6",
	"credit": "Made by Satisfy",
	"textures": {
		"6": "vinery:block/wine/magnetic_wine",
		"particle": "vinery:block/wine/magnetic_wine"
	},
	"elements": [
		{
			"from": [7, 7, 7],
			"to": [9, 14, 9],
			"rotation": {"angle": 0, "axis": "y", "origin": [8, 10.2, 8]},
			"faces": {
				"north": {"uv": [3, 1, 5, 8], "texture": "#6"},
				"east": {"uv": [3, 1, 5, 8], "texture": "#6"},
				"south": {"uv": [3, 1, 5, 8], "texture": "#6"},
				"west": {"uv": [3, 1, 5, 8], "texture": "#6"},
				"up": {"uv": [14, 8, 16, 10], "texture": "#6"}
			}
		},
		{
			"from": [5, 0, 5],
			"to": [11, 8, 11],
			"rotation": {"angle": 0, "axis": "y", "origin": [8, 4, 8]},
			"faces": {
				"north": {"uv": [1, 8, 7, 16], "texture": "#6"},
				"east": {"uv": [1, 8, 7, 16], "texture": "#6"},
				"south": {"uv": [1, 8, 7, 16], "texture": "#6"},
				"west": {"uv": [1, 8, 7, 16], "texture": "#6"},
				"up": {"uv": [8, 8, 14, 14], "texture": "#6"},
				"down": {"uv": [8, 8, 14, 14], "texture": "#6"}
			}
		},
		{
			"from": [4, 1, 4],
			"to": [12, 7, 12],
			"rotation": {"angle": 0, "axis": "y", "origin": [8, 4, 8]},
			"faces": {
				"north": {"uv": [0, 9, 8, 15], "texture": "#6"},
				"east": {"uv": [0, 9, 8, 15], "texture": "#6"},
				"south": {"uv": [0, 9, 8, 15], "texture": "#6"},
				"west": {"uv": [0, 9, 8, 15], "texture": "#6"},
				"up": {"uv": [8, 0, 16, 8], "texture": "#6"},
				"down": {"uv": [8, 0, 16, 8], "texture": "#6"}
			}
		},
		{
			"from": [4.679, 1.539, 4.679],
			"to": [11.321, 4.941, 11.321],
			"rotation": {"angle": 0, "axis": "y", "origin": [7, 6.885, 8]},
			"faces": {
				"north": {"uv": [9.75, 6.5, 11.75, 7.5], "texture": "#6"},
				"east": {"uv": [12, 5, 14, 6], "texture": "#6"},
				"south": {"uv": [12, 3.5, 14, 4.5], "texture": "#6"},
				"west": {"uv": [12, 0, 14, 1], "texture": "#6"},
				"up": {"uv": [14, 3.5, 12, 1.5], "texture": "#6"},
				"down": {"uv": [14, 8, 12, 10], "texture": "#6"}
			}
		},
		{
			"from": [4.58, 1.08, 4.58],
			"to": [11.42, 6.12, 11.42],
			"rotation": {"angle": 0, "axis": "y", "origin": [7, 7.65, 8]},
			"faces": {
				"north": {"uv": [14, 4.5, 16, 6], "texture": "#6", "tintindex": 0},
				"east": {"uv": [14, 3, 16, 4.5], "texture": "#6", "tintindex": 0},
				"south": {"uv": [14, 1.5, 16, 3], "texture": "#6", "tintindex": 0},
				"west": {"uv": [14, 0, 16, 1.5], "texture": "#6", "tintindex": 0},
				"up": {"uv": [16, 10, 14, 8], "texture": "#6", "tintindex": 0},
				"down": {"uv": [16, 6, 14, 8], "texture": "#6", "tintindex": 0}
			}
		},
		{
			"from": [6, 11, 6],
			"to": [10, 13, 10],
			"rotation": {"angle": 0, "axis": "y", "origin": [6.8, 7.65, 7.8]},
			"faces": {
				"north": {"uv": [2, 2, 6, 4], "texture": "#6"},
				"east": {"uv": [2, 2, 6, 4], "texture": "#6"},
				"south": {"uv": [2, 2, 6, 4], "texture": "#6"},
				"west": {"uv": [2, 2, 6, 4], "texture": "#6"},
				"up": {"uv": [16, 16, 12, 12], "texture": "#6"},
				"down": {"uv": [16, 16, 12, 12], "texture": "#6"}
			}
		}
	],
	"gui_light": "front",
	"display": {
		"thirdperson_righthand": {
			"rotation": [21.65, -6.84, 6.63],
			"translation": [0, -1.5, 0.5],
			"scale": [0.6, 0.6, 0.6]
		},
		"thirdperson_lefthand": {
			"rotation": [21.65, -6.84, 6.63],
			"translation": [0, -1.5, 0.5],
			"scale": [0.6, 0.6, 0.6]
		},
		"firstperson_righthand": {
			"rotation": [-6.9, 7.5, 25.38],
			"translation": [1.5, 2, 1.75],
			"scale": [0.7, 0.7, 0.7]
		},
		"firstperson_lefthand": {
			"rotation": [-9.27, 4.5, 25.64],
			"translation": [1.5, 2, 2],
			"scale": [0.7, 0.7, 0.7]
		},
		"ground": {
			"rotation": [-8.53, -1.45, 19.3],
			"translation": [-2, 1, -1],
			"scale": [0.6, 0.6, 0.6]
		},
		"gui": {
			"rotation": [-180, 26, -180],
			"translation": [-0.25, 1, 0]
		},
		"head": {
			"rotation": [0, 0, 90],
			"translation": [-9.75, 0, 0]
		}
	},
	"groups": [
		{
			"name": "normalsign",
			"origin": [-0.2, 0, 0.8],
			"color": 0,
			"children": [0, 1, 2, 3, 4, 5]
		}
	]
}