{
	"format_version": "1.21.11",
	"credit": "Made by Satisfy",
	"textures": {
		"2": "vinery:block/pot_bottom",
		"3": "vinery:block/pot_storage",
		"particle": "vinery:block/pot_bottom"
	},
	"elements": [
		{
			"from": [15, 0, 0],
			"to": [16, 8, 16],
			"rotation": {"angle": 0, "axis": "y", "origin": [0, 8, 0]},
			"faces": {
				"north": {"uv": [0, 8, 1, 16], "texture": "#3"},
				"east": {"uv": [0, 8, 16, 16], "texture": "#3"},
				"south": {"uv": [15, 8, 16, 16], "texture": "#3"},
				"west": {"uv": [2, 0, 10, 16], "rotation": 90, "texture": "#2"},
				"up": {"uv": [0, 14, 16, 15], "rotation": 90, "texture": "#3"},
				"down": {"uv": [0, 0, 1, 16], "texture": "#2"}
			}
		},
		{
			"from": [0, 0, 0],
			"to": [1, 8, 16],
			"rotation": {"angle": 0, "axis": "y", "origin": [0, 8, 0]},
			"faces": {
				"north": {"uv": [0, 8, 1, 16], "texture": "#3"},
				"east": {"uv": [4, 0, 12, 16], "rotation": 90, "texture": "#2"},
				"south": {"uv": [15, 8, 16, 16], "texture": "#3"},
				"west": {"uv": [0, 8, 16, 16], "texture": "#3"},
				"up": {"uv": [0, 14, 16, 15], "rotation": 90, "texture": "#3"},
				"down": {"uv": [0, 0, 1, 16], "texture": "#2"}
			}
		},
		{
			"from": [1, 0, 0],
			"to": [15, 10, 1],
			"rotation": {"angle": 0, "axis": "y", "origin": [0, 8, 0]},
			"faces": {
				"north": {"uv": [1, 6, 15, 16], "texture": "#3"},
				"south": {"uv": [1, 1, 11, 15], "rotation": 90, "texture": "#2"},
				"up": {"uv": [1, 6, 15, 7], "rotation": 180, "texture": "#3"},
				"down": {"uv": [1, 0, 15, 1], "texture": "#2"}
			}
		},
		{
			"from": [1, 0, 15],
			"to": [15, 10, 16],
			"rotation": {"angle": 0, "axis": "y", "origin": [0, 8, 0]},
			"faces": {
				"north": {"uv": [1, 1, 11, 15], "rotation": 90, "texture": "#2"},
				"south": {"uv": [1, 6, 15, 16], "texture": "#3"},
				"up": {"uv": [1, 15, 15, 16], "rotation": 180, "texture": "#3"},
				"down": {"uv": [1, 0, 15, 1], "texture": "#2"}
			}
		},
		{
			"from": [1, 0, 1],
			"to": [15, 1, 15],
			"rotation": {"angle": 0, "axis": "y", "origin": [0, 8, 0]},
			"faces": {
				"up": {"uv": [1, 1, 15, 15], "texture": "#2"},
				"down": {"uv": [1, 1, 15, 15], "texture": "#2"}
			}
		},
		{
			"from": [0, 8, 0],
			"to": [1, 10, 6],
			"faces": {
				"north": {"uv": [0, 6, 1, 8], "texture": "#3"},
				"east": {"uv": [1, 0, 3, 6], "rotation": 90, "texture": "#2"},
				"south": {"uv": [5, 6, 6, 8], "texture": "#3"},
				"west": {"uv": [0, 6, 6, 8], "texture": "#3"},
				"up": {"uv": [0, 6, 6, 7], "rotation": 90, "texture": "#3"}
			}
		},
		{
			"from": [15, 8, 0],
			"to": [16, 10, 6],
			"faces": {
				"north": {"uv": [5, 6, 6, 8], "texture": "#3"},
				"east": {"uv": [0, 6, 6, 8], "texture": "#3"},
				"south": {"uv": [0, 6, 1, 8], "texture": "#3"},
				"west": {"uv": [1, 0, 3, 6], "rotation": 90, "texture": "#2"},
				"up": {"uv": [0, 6, 6, 7], "rotation": 270, "texture": "#3"}
			}
		},
		{
			"from": [0, 8, 10],
			"to": [1, 10, 16],
			"faces": {
				"north": {"uv": [0, 6, 1, 8], "texture": "#3"},
				"east": {"uv": [1, 10, 3, 16], "rotation": 90, "texture": "#2"},
				"south": {"uv": [5, 6, 6, 8], "texture": "#3"},
				"west": {"uv": [10, 6, 16, 8], "texture": "#3"},
				"up": {"uv": [0, 6, 6, 7], "rotation": 90, "texture": "#3"}
			}
		},
		{
			"from": [15, 8, 10],
			"to": [16, 10, 16],
			"faces": {
				"north": {"uv": [5, 6, 6, 8], "texture": "#3"},
				"east": {"uv": [10, 6, 16, 8], "texture": "#3"},
				"south": {"uv": [0, 6, 1, 8], "texture": "#3"},
				"west": {"uv": [1, 10, 3, 16], "rotation": 90, "texture": "#2"},
				"up": {"uv": [0, 6, 6, 7], "rotation": 270, "texture": "#3"}
			}
		},
		{
			"from": [0, 9, 6],
			"to": [1, 10, 10],
			"faces": {
				"east": {"uv": [0, 0, 4, 1], "texture": "#2"},
				"west": {"uv": [0, 0, 4, 1], "texture": "#2"},
				"up": {"uv": [6, 6, 10, 7], "rotation": 90, "texture": "#3"},
				"down": {"uv": [0, 0, 1, 4], "texture": "#2"}
			}
		},
		{
			"from": [15, 9, 6],
			"to": [16, 10, 10],
			"faces": {
				"east": {"uv": [0, 0, 4, 1], "texture": "#2"},
				"west": {"uv": [0, 0, 4, 1], "texture": "#2"},
				"up": {"uv": [6, 6, 10, 7], "rotation": 90, "texture": "#3"},
				"down": {"uv": [0, 0, 1, 4], "texture": "#2"}
			}
		}
	],
	"display": {
		"thirdperson_righthand": {
			"rotation": [75, 45, 0],
			"translation": [0, 2.5, 0],
			"scale": [0.375, 0.375, 0.375]
		},
		"thirdperson_lefthand": {
			"rotation": [75, 45, 0],
			"translation": [0, 2.5, 0],
			"scale": [0.375, 0.375, 0.375]
		},
		"firstperson_righthand": {
			"rotation": [0, 45, 0],
			"translation": [-0.25, 3.25, 0],
			"scale": [0.4, 0.4, 0.4]
		},
		"firstperson_lefthand": {
			"rotation": [0, 45, 0],
			"translation": [-0.25, 3.25, 0],
			"scale": [0.4, 0.4, 0.4]
		},
		"ground": {
			"translation": [0, 3, 0],
			"scale": [0.25, 0.25, 0.25]
		},
		"gui": {
			"rotation": [30, -135, 0],
			"scale": [0.625, 0.625, 0.625]
		},
		"fixed": {
			"scale": [0.5, 0.5, 0.5]
		}
	},
	"groups": [
		{
			"name": "Barrel",
			"origin": [0, 8, 0],
			"color": 0,
			"children": [0, 1, 2, 3, 4, 5, 6, 7, 8, 9, 10]
		}
	]
}