{
	"format_version": "1.21.6",
	"credit": "Made by Satisfy",
	"textures": {
		"1": "vinery:block/white_taiga_grapejuice_hand"
	},
	"elements": [
		{
			"from": [7, 8.2, 7],
			"to": [9, 11.2, 9],
			"rotation": {"angle": 0, "axis": "y", "origin": [6.5, 10.8, 8.5]},
			"faces": {
				"north": {"uv": [3, 11, 5, 14], "texture": "#1"},
				"east": {"uv": [3, 11, 5, 14], "texture": "#1"},
				"south": {"uv": [3, 11, 5, 14], "texture": "#1"},
				"west": {"uv": [3, 11, 5, 14], "texture": "#1"}
			}
		},
		{
			"from": [7, 12.2, 7],
			"to": [9, 13.2, 9],
			"rotation": {"angle": 0, "axis": "y", "origin": [7.5, 10.8, 8.5]},
			"faces": {
				"north": {"uv": [8, 2, 10, 3], "texture": "#1"},
				"east": {"uv": [8, 3, 10, 4], "texture": "#1"},
				"south": {"uv": [8, 1, 10, 2], "texture": "#1"},
				"west": {"uv": [10, 2, 8, 1], "texture": "#1"},
				"up": {"uv": [8, 0, 10, 2], "texture": "#1"}
			}
		},
		{
			"from": [6, 0, 6],
			"to": [10, 8.2, 10],
			"rotation": {"angle": 0, "axis": "y", "origin": [12.5, 7.65, 3.5]},
			"faces": {
				"north": {"uv": [2, 0, 6, 8], "texture": "#1"},
				"east": {"uv": [2, 0, 6, 8], "texture": "#1"},
				"south": {"uv": [2, 0, 6, 8], "texture": "#1"},
				"west": {"uv": [2, 0, 6, 8], "texture": "#1"},
				"up": {"uv": [6, 11, 2, 7], "texture": "#1"},
				"down": {"uv": [6, 7, 2, 11], "texture": "#1"}
			}
		},
		{
			"from": [5, 0.9, 5],
			"to": [11, 7.3, 11],
			"rotation": {"angle": 0, "axis": "y", "origin": [7, 7.65, 3]},
			"faces": {
				"north": {"uv": [1, 1, 7, 7], "texture": "#1"},
				"east": {"uv": [1, 1, 7, 7], "texture": "#1"},
				"south": {"uv": [1, 1, 7, 7], "texture": "#1"},
				"west": {"uv": [1, 1, 7, 7], "texture": "#1"},
				"up": {"uv": [1, 1, 7, 7], "texture": "#1"},
				"down": {"uv": [1, 1, 7, 7], "texture": "#1"}
			}
		},
		{
			"from": [4.95, 3.539, 4.95],
			"to": [11.05, 4.539, 11.05],
			"rotation": {"angle": 0, "axis": "y", "origin": [7.271, 6.885, 2.271]},
			"faces": {
				"north": {"uv": [1, 15, 7, 16], "texture": "#1"},
				"east": {"uv": [10, 0, 16, 1], "texture": "#1"},
				"south": {"uv": [10, 0, 16, 1], "texture": "#1"},
				"west": {"uv": [10, 0, 16, 1], "texture": "#1"},
				"up": {"uv": [14, 3.5, 12, 1.5], "texture": "#1"},
				"down": {"uv": [14, 8, 12, 10], "texture": "#1"}
			}
		},
		{
			"from": [6, 11.2, 6],
			"to": [10, 12.2, 10],
			"rotation": {"angle": 0, "axis": "y", "origin": [7, 7.65, 8]},
			"faces": {
				"north": {"uv": [2, 14, 6, 15], "texture": "#1"},
				"east": {"uv": [2, 14, 6, 15], "texture": "#1"},
				"south": {"uv": [2, 14, 6, 15], "texture": "#1"},
				"west": {"uv": [2, 14, 6, 15], "texture": "#1"},
				"up": {"uv": [2, 7, 6, 11], "texture": "#1"},
				"down": {"uv": [2, 7, 6, 11], "texture": "#1"}
			}
		}
	],
	"gui_light": "front",
	"display": {
		"thirdperson_righthand": {
			"rotation": [20.37, -6.62, 6.11],
			"translation": [0.25, 1.75, 0],
			"scale": [0.7, 0.7, 0.7]
		},
		"thirdperson_lefthand": {
			"rotation": [20.37, -6.62, 6.11],
			"translation": [0.25, 1.75, 0],
			"scale": [0.7, 0.7, 0.7]
		},
		"firstperson_righthand": {
			"rotation": [-7.09, 8.02, 24.78],
			"translation": [-0.25, 4.5, 1.25],
			"scale": [0.6, 0.6, 0.6]
		},
		"firstperson_lefthand": {
			"rotation": [-7.09, 8.02, 24.78],
			"translation": [-0.75, 4.5, 1.5],
			"scale": [0.6, 0.6, 0.6]
		},
		"ground": {
			"rotation": [-8.53, -1.45, 19.3],
			"translation": [-2, 1, -1],
			"scale": [0.6, 0.6, 0.6]
		},
		"gui": {
			"rotation": [-180, 26, -180],
			"translation": [-0.25, 4.5, 0]
		},
		"head": {
			"rotation": [0, 0, 90],
			"translation": [-9.75, 0, 0]
		},
		"fixed": {
			"rotation": [-90, 0, 0],
			"translation": [3.75, 3.75, -12]
		}
	},
	"groups": [
		{
			"name": "normalsign",
			"origin": [-0.2, 0, 0.8],
			"color": 0,
			"children": [0, 1, 2, 3, 4, 5]
		}
	]
}