{
	"format_version": "1.21.6",
	"credit": "Made by Satisfy",
	"textures": {
		"0": "furniture:block/boat_in_a_jar_bottle",
		"1": "furniture:block/boat_in_a_jar_parts",
		"2": "furniture:block/boat_in_a_jar_water",
		"3": "furniture:block/boat_in_a_jar_stand",
		"particle": "furniture:block/boat_in_a_jar_bottle"
	},
	"elements": [
		{
			"from": [1, 0, 5],
			"to": [15, 2, 11],
			"rotation": {"angle": 0, "axis": "y", "origin": [1, 0, 5]},
			"faces": {
				"north": {"uv": [0, 12, 14, 14], "texture": "#3"},
				"east": {"uv": [4, 12, 10, 14], "texture": "#3"},
				"south": {"uv": [0, 12, 14, 14], "texture": "#3"},
				"west": {"uv": [0, 12, 6, 14], "texture": "#3"},
				"up": {"uv": [0, 0, 14, 6], "texture": "#3"},
				"down": {"uv": [0, 6, 14, 12], "texture": "#3"}
			}
		},
		{
			"from": [5, 0, 4],
			"to": [11, 3, 6],
			"rotation": {"angle": 0, "axis": "y", "origin": [5, 0, 4]},
			"faces": {
				"north": {"uv": [0, 9, 6, 12], "texture": "#1"},
				"east": {"uv": [6, 9, 8, 12], "texture": "#1"},
				"south": {"uv": [0, 12, 6, 9], "texture": "#1"},
				"west": {"uv": [6, 9, 8, 12], "texture": "#1"},
				"up": {"uv": [8, 12, 14, 10], "texture": "#1"},
				"down": {"uv": [1, 13, 7, 11], "texture": "#1"}
			}
		},
		{
			"from": [3, 2, 7],
			"to": [13, 4, 9],
			"rotation": {"angle": 0, "axis": "y", "origin": [3, 2, 7]},
			"faces": {
				"north": {"uv": [0, 14, 10, 16], "texture": "#3"},
				"east": {"uv": [10, 14, 12, 16], "texture": "#3"},
				"south": {"uv": [0, 14, 10, 16], "texture": "#3"},
				"west": {"uv": [10, 14, 12, 16], "texture": "#3"}
			}
		},
		{
			"from": [-0.05, 4, 3.5],
			"to": [15.95, 13, 12.5],
			"rotation": {"angle": 0, "axis": "y", "origin": [0, 4, 3.5]},
			"faces": {
				"north": {"uv": [0, 0, 16, 9], "texture": "#0"},
				"east": {"uv": [0, 0, 9, 9], "texture": "#1"},
				"south": {"uv": [0, 0, 16, 9], "texture": "#0"},
				"west": {"uv": [0, 0, 9, 9], "texture": "#1"},
				"up": {"uv": [0, 0, 16, 9], "texture": "#0"},
				"down": {"uv": [0, 0, 16, 9], "texture": "#0"}
			}
		},
		{
			"from": [16, 4, 3.5],
			"to": [0, 13, 12.5],
			"rotation": {"angle": 0, "axis": "y", "origin": [48, 4, 3.5]},
			"faces": {
				"north": {"uv": [0, 0, 16, 9], "texture": "#0"},
				"east": {"uv": [0, 0, 9, 9], "texture": "#1"},
				"south": {"uv": [0, 0, 16, 9], "texture": "#0"},
				"west": {"uv": [0, 0, 9, 9], "texture": "#1"},
				"up": {"uv": [0, 0, 16, 9], "texture": "#0"},
				"down": {"uv": [0, 0, 16, 9], "texture": "#0"}
			}
		},
		{
			"name": "water",
			"from": [0.1, 4.1, 3.6],
			"to": [15.9, 5.1, 12.4],
			"rotation": {"angle": 0, "axis": "y", "origin": [0.1, 4, 3.6]},
			"faces": {
				"north": {"uv": [0.2, 8, 16, 9], "texture": "#2"},
				"east": {"uv": [0, 1, 8.8, 2], "texture": "#2"},
				"south": {"uv": [0, 8, 15.8, 9], "texture": "#2"},
				"west": {"uv": [0, 0, 8.8, 1], "texture": "#2"},
				"up": {"uv": [0, 0, 15.8, 8.8], "texture": "#2"},
				"down": {"uv": [0, 0, 15.8, 8.8], "texture": "#2"}
			}
		},
		{
			"name": "boat",
			"from": [9, 6, 5.5],
			"to": [13, 9, 10.5],
			"rotation": {"angle": 0, "axis": "y", "origin": [9, 6, 5.5]},
			"faces": {
				"north": {"uv": [9, 9, 13, 12], "texture": "#2"},
				"east": {"uv": [9, 13, 14, 16], "texture": "#1"},
				"south": {"uv": [13, 9, 9, 12], "texture": "#2"},
				"west": {"uv": [5, 9, 8, 14], "rotation": 90, "texture": "#2"},
				"up": {"uv": [5, 9, 9, 14], "texture": "#2"},
				"down": {"uv": [5, 9, 9, 14], "texture": "#2"}
			}
		},
		{
			"name": "boat",
			"from": [2, 5, 5.5],
			"to": [11, 8, 10.5],
			"rotation": {"angle": 0, "axis": "y", "origin": [2, 5, 5.5]},
			"faces": {
				"north": {"uv": [0, 13, 9, 16], "texture": "#1"},
				"east": {"uv": [9, 13, 14, 16], "texture": "#1"},
				"south": {"uv": [9, 13, 0, 16], "texture": "#1"},
				"west": {"uv": [9, 13, 14, 16], "texture": "#1"},
				"up": {"uv": [0, 9, 9, 14], "texture": "#2"}
			}
		},
		{
			"name": "sail",
			"from": [6, 8, 5.5],
			"to": [6, 13, 10.5],
			"rotation": {"angle": 0, "axis": "y", "origin": [6, 8, 5.5]},
			"faces": {
				"east": {"uv": [11, 5, 16, 10], "texture": "#1"},
				"west": {"uv": [11, 0, 16, 5], "texture": "#1"}
			}
		},
		{
			"from": [-3, 7, 6.5],
			"to": [0, 10, 9.5],
			"rotation": {"angle": 0, "axis": "y", "origin": [-3, 7, 6.5]},
			"faces": {
				"north": {"uv": [3, 9, 6, 12], "texture": "#0"},
				"south": {"uv": [6, 9, 3, 12], "texture": "#0"},
				"up": {"uv": [9, 9, 6, 12], "texture": "#0"},
				"down": {"uv": [3, 9, 0, 12], "texture": "#0"}
			}
		},
		{
			"from": [-7, 7, 6.5],
			"to": [-4, 10, 9.5],
			"rotation": {"angle": 0, "axis": "y", "origin": [-7, 7, 6.5]},
			"faces": {
				"north": {"uv": [9, 12, 12, 15], "texture": "#2"},
				"south": {"uv": [9, 12, 12, 15], "texture": "#2"},
				"west": {"uv": [9, 12, 12, 15], "texture": "#2"},
				"up": {"uv": [9, 12, 12, 15], "texture": "#2"},
				"down": {"uv": [9, 12, 12, 15], "texture": "#2"}
			}
		},
		{
			"from": [0, 7, 6.5],
			"to": [-3, 10, 9.5],
			"rotation": {"angle": 0, "axis": "y", "origin": [0, 7, 6.5]},
			"faces": {
				"north": {"uv": [3, 9, 6, 12], "texture": "#0"},
				"south": {"uv": [6, 9, 3, 12], "texture": "#0"},
				"up": {"uv": [9, 9, 6, 12], "texture": "#0"},
				"down": {"uv": [3, 9, 0, 12], "texture": "#0"}
			}
		},
		{
			"from": [-5, 6, 5.5],
			"to": [-3, 11, 10.5],
			"rotation": {"angle": 0, "axis": "y", "origin": [-5, 6, 5.5]},
			"faces": {
				"north": {"uv": [14, 9, 16, 14], "texture": "#0"},
				"east": {"uv": [9, 9, 14, 14], "texture": "#0"},
				"south": {"uv": [16, 9, 14, 14], "texture": "#0"},
				"west": {"uv": [9, 9, 14, 14], "texture": "#0"},
				"up": {"uv": [16, 9, 14, 14], "texture": "#0"},
				"down": {"uv": [16, 9, 14, 14], "texture": "#0"}
			}
		},
		{
			"from": [-3, 6, 5.5],
			"to": [-5, 11, 10.5],
			"rotation": {"angle": 0, "axis": "y", "origin": [-3, 6, 5.5]},
			"faces": {
				"north": {"uv": [14, 9, 16, 14], "texture": "#0"},
				"east": {"uv": [9, 9, 14, 14], "texture": "#0"},
				"south": {"uv": [16, 9, 14, 14], "texture": "#0"},
				"west": {"uv": [9, 9, 14, 14], "texture": "#0"},
				"up": {"uv": [16, 9, 14, 14], "texture": "#0"},
				"down": {"uv": [16, 9, 14, 14], "texture": "#0"}
			}
		}
	],
	"display": {
		"thirdperson_righthand": {
			"rotation": [14, 0, 0],
			"translation": [0, 4, 1.25],
			"scale": [0.5, 0.5, 0.5]
		},
		"thirdperson_lefthand": {
			"rotation": [14, -180, 0],
			"translation": [0, 4, 1.25],
			"scale": [0.5, 0.5, 0.5]
		},
		"firstperson_righthand": {
			"rotation": [0, -44, 0],
			"translation": [-1.5, 3.75, -0.25],
			"scale": [0.5, 0.5, 0.5]
		},
		"firstperson_lefthand": {
			"rotation": [0, 134, 0],
			"translation": [-1.5, 3.75, -0.25],
			"scale": [0.5, 0.5, 0.5]
		}
	}
}