{
	"format_version": "1.21.6",
	"credit": "Made by Berksire",
	"textures": {
		"0": "furniture:block/cash_register_side",
		"1": "furniture:block/cash_register_back",
		"2": "furniture:block/cash_register_top",
		"3": "furniture:block/cash_register_front",
		"4": "furniture:block/cash_register_bottom",
		"particle": "furniture:block/cash_register_front"
	},
	"elements": [
		{
			"from": [2, 0, 2],
			"to": [14, 3, 14],
			"rotation": {"angle": 0, "axis": "y", "origin": [2, 0, 2]},
			"faces": {
				"north": {"uv": [16, 16, 13, 4], "rotation": 90, "texture": "#0"},
				"east": {"uv": [0, 13, 12, 16], "texture": "#0"},
				"south": {"uv": [2, 12, 14, 15], "texture": "#1"},
				"west": {"uv": [12, 13, 0, 16], "texture": "#0"},
				"up": {"uv": [2, 14, 14, 2], "texture": "#2"},
				"down": {"uv": [2, 2, 14, 14], "texture": "#4"}
			}
		},
		{
			"from": [2, 3, 4],
			"to": [14, 6, 14],
			"rotation": {"angle": 0, "axis": "y", "origin": [2, 3, 4]},
			"faces": {
				"north": {"uv": [2, 10, 14, 13], "texture": "#3"},
				"east": {"uv": [0, 10, 10, 13], "texture": "#0"},
				"south": {"uv": [2, 9, 14, 12], "texture": "#1"},
				"west": {"uv": [10, 10, 0, 13], "texture": "#0"},
				"up": {"uv": [14, 12, 2, 2], "texture": "#2"},
				"down": {"uv": [0, 0, 12, 10], "texture": "#missing"}
			}
		},
		{
			"from": [2, 6, 5],
			"to": [14, 9, 14],
			"rotation": {"angle": 0, "axis": "y", "origin": [2, 6, 5]},
			"faces": {
				"north": {"uv": [2, 7, 14, 10], "texture": "#3"},
				"east": {"uv": [0, 7, 9, 10], "texture": "#0"},
				"south": {"uv": [2, 6, 14, 9], "texture": "#1"},
				"west": {"uv": [9, 7, 0, 10], "texture": "#0"},
				"up": {"uv": [14, 11, 2, 2], "texture": "#2"},
				"down": {"uv": [0, 0, 12, 9], "texture": "#missing"}
			}
		},
		{
			"from": [2, 9, 9],
			"to": [14, 14, 14],
			"rotation": {"angle": 0, "axis": "y", "origin": [2, 9, 9]},
			"faces": {
				"north": {"uv": [2, 2, 14, 7], "texture": "#3"},
				"east": {"uv": [0, 2, 5, 7], "texture": "#0"},
				"south": {"uv": [2, 1, 14, 6], "texture": "#1"},
				"west": {"uv": [5, 2, 0, 7], "texture": "#0"},
				"up": {"uv": [2, 2, 14, 8], "texture": "#2"},
				"down": {"uv": [0, 0, 12, 6], "texture": "#missing"}
			}
		},
		{
			"from": [2, 5, 2],
			"to": [14, 5, 4],
			"faces": {
				"north": {"uv": [0, 0, 12, 0], "texture": "#0"},
				"up": {"uv": [11, 12, 13, 0], "rotation": 90, "texture": "#0"},
				"down": {"uv": [11, 12, 13, 0], "rotation": 90, "texture": "#0"}
			}
		},
		{
			"from": [2, 8, 3],
			"to": [14, 8, 5],
			"rotation": {"angle": 0, "axis": "y", "origin": [0, 3, 1]},
			"faces": {
				"north": {"uv": [0, 0, 12, 0], "texture": "#0"},
				"up": {"uv": [11, 0, 13, 12], "rotation": 90, "texture": "#0"},
				"down": {"uv": [11, 0, 13, 12], "rotation": 90, "texture": "#0"}
			}
		}
	],
	"display": {
		"thirdperson_righthand": {
			"rotation": [22.5, 0, 0],
			"translation": [0, 3.75, 0.75],
			"scale": [0.5, 0.5, 0.5]
		},
		"thirdperson_lefthand": {
			"rotation": [22.5, 0, 0],
			"translation": [0, 3.75, 0.75],
			"scale": [0.5, 0.5, 0.5]
		},
		"firstperson_righthand": {
			"rotation": [0, 90, 0],
			"translation": [-2.75, 2.5, 0],
			"scale": [0.6, 0.6, 0.6]
		},
		"firstperson_lefthand": {
			"rotation": [0, 90, 0],
			"translation": [-2.75, 2.5, 0],
			"scale": [0.6, 0.6, 0.6]
		},
		"head": {
			"translation": [0, 14, 0]
		}
	}
}