{
	"format_version": "1.21.6",
	"credit": "Made with Blockbench",
	"texture_size": [32, 32],
	"textures": {
		"1": "furniture:item/coffer_hand"
	},
	"elements": [
		{
			"from": [3, 0, 1],
			"to": [13, 8, 15],
			"rotation": {"angle": 0, "axis": "y", "origin": [3, 0, 13]},
			"faces": {
				"north": {"uv": [6, 6.25, 8.5, 8.5], "texture": "#1"},
				"east": {"uv": [2.5, 6.25, 6, 8.5], "texture": "#1"},
				"south": {"uv": [0, 6.25, 2.5, 8.25], "texture": "#1"},
				"west": {"uv": [8.5, 6.25, 12, 8.25], "texture": "#1"},
				"up": {"uv": [6, 6.25, 2.5, 3.75], "rotation": 90, "texture": "#1"},
				"down": {"uv": [9.5, 0, 6, 2.5], "texture": "#1"}
			}
		},
		{
			"from": [2, 3, 7],
			"to": [3, 6, 9],
			"rotation": {"angle": 0, "axis": "y", "origin": [1, 2, 6]},
			"faces": {
				"north": {"uv": [0.75, 0.5, 1, 1.25], "texture": "#1"},
				"east": {"uv": [10, 4, 11, 5.5], "texture": "#1"},
				"south": {"uv": [1.25, 0.5, 1.5, 1.25], "texture": "#1"},
				"west": {"uv": [1, 0.5, 1.5, 1.25], "texture": "#1"},
				"up": {"uv": [1, 0.75, 1.5, 0.5], "rotation": 90, "texture": "#1"},
				"down": {"uv": [1.5, 1, 1, 1.25], "rotation": 90, "texture": "#1"}
			}
		}
	],
	"display": {
		"thirdperson_righthand": {
			"rotation": [22, -90, 0],
			"translation": [0.25, 4.5, 1],
			"scale": [0.6, 0.6, 0.6]
		},
		"thirdperson_lefthand": {
			"rotation": [22, 90, 0],
			"translation": [0.25, 4.5, 1],
			"scale": [0.6, 0.6, 0.6]
		},
		"firstperson_righthand": {
			"rotation": [0, 34, 0],
			"translation": [-2.25, 4.25, 0],
			"scale": [0.6, 0.6, 0.6]
		},
		"firstperson_lefthand": {
			"rotation": [0, -152, 0],
			"translation": [-2.25, 4.25, 0],
			"scale": [0.6, 0.6, 0.6]
		},
		"head": {
			"rotation": [0, -86, 0],
			"translation": [0, 14.5, 0]
		}
	}
}