{
	"format_version": "1.21.6",
	"credit": "Made by Satisfy",
	"textures": {
		"0": "furniture:block/explorers_box_back",
		"1": "furniture:block/explorers_box_bottom",
		"2": "furniture:block/explorers_box_front",
		"3": "furniture:block/explorers_box_side",
		"4": "furniture:block/explorers_box_top",
		"particle": "furniture:block/explorers_box_back"
	},
	"elements": [
		{
			"from": [2, 0, 2],
			"to": [14, 10, 14],
			"rotation": {"angle": 0, "axis": "y", "origin": [2, 0, 2]},
			"faces": {
				"north": {"uv": [2, 6, 14, 16], "texture": "#2"},
				"east": {"uv": [2, 6, 14, 16], "texture": "#3"},
				"south": {"uv": [2, 6, 14, 16], "texture": "#0"},
				"west": {"uv": [14, 6, 2, 16], "texture": "#3"},
				"up": {"uv": [2, 2, 14, 14], "texture": "#4"},
				"down": {"uv": [2, 2, 14, 14], "texture": "#1"}
			}
		},
		{
			"from": [6, 4, 1],
			"to": [10, 8, 2],
			"rotation": {"angle": 0, "axis": "y", "origin": [6, 4, 1]},
			"faces": {
				"north": {"uv": [4, 2, 8, 6], "texture": "#2"},
				"east": {"uv": [3, 2, 4, 6], "texture": "#2"},
				"south": {"uv": [9, 2, 13, 6], "texture": "#2"},
				"west": {"uv": [8, 2, 9, 6], "texture": "#2"},
				"up": {"uv": [4, 1, 8, 2], "texture": "#2"},
				"down": {"uv": [8, 1, 12, 2], "texture": "#2"}
			}
		},
		{
			"from": [5, 10, 5],
			"to": [11, 11, 11],
			"rotation": {"angle": 0, "axis": "y", "origin": [5, 10, 5]},
			"faces": {
				"north": {"uv": [1, 0, 2, 6], "rotation": 90, "texture": "#0"},
				"east": {"uv": [1, 6, 2, 12], "rotation": 90, "texture": "#0"},
				"south": {"uv": [1, 6, 2, 12], "rotation": 90, "texture": "#0"},
				"west": {"uv": [1, 6, 2, 12], "rotation": 90, "texture": "#0"},
				"up": {"uv": [2, 0, 8, 6], "texture": "#0"},
				"down": {"uv": [8, 0, 14, 6], "texture": "#0"}
			}
		}
	],
	"display": {
		"thirdperson_righthand": {
			"rotation": [17.5, 0, 0],
			"translation": [0, 4, 0.5],
			"scale": [0.5, 0.5, 0.5]
		},
		"thirdperson_lefthand": {
			"rotation": [17.5, 0, 0],
			"translation": [0, 4, 0.5],
			"scale": [0.5, 0.5, 0.5]
		},
		"firstperson_righthand": {
			"rotation": [0, 90, 0],
			"translation": [-2, 4.25, 0.5],
			"scale": [0.5, 0.5, 0.5]
		},
		"firstperson_lefthand": {
			"rotation": [0, 90, 0],
			"translation": [-2, 4.25, 0.5],
			"scale": [0.5, 0.5, 0.5]
		},
		"head": {
			"translation": [0, 13.5, 0]
		}
	}
}