{
  "parent": "minecraft:item/generated",
  "textures": {
    "layer0": "furniture:item/flower_pot_big"
  },
  "overrides": [
    {
      "predicate": {
        "pommel:is_held": 1.0
      },
      "model": "furniture:item/flower_pot_big_hand"
    },
    {
      "predicate": {
        "pommel:is_fixed": 1.0
      },
      "model": "furniture:item/flower_pot_big_hand"
    },
    {
      "predicate": {
        "pommel:is_head": 1.0
      },
      "model": "furniture:item/flower_pot_big_hand"
    }
  ]
}