{
	"format_version": "1.21.11",
	"credit": "Made by Satisfy",
	"textures": {
		"1": "furniture:block/flower_pot_big",
		"particle": "furniture:block/flower_pot_big"
	},
	"elements": [
		{
			"from": [4, 0, 4],
			"to": [12, 8, 12],
			"rotation": {"angle": 0, "axis": "y", "origin": [10, 6, 10]},
			"faces": {
				"north": {"uv": [0, 1, 8, 9], "texture": "#1"},
				"east": {"uv": [0, 1, 8, 9], "texture": "#1"},
				"south": {"uv": [0, 1, 8, 9], "texture": "#1"},
				"west": {"uv": [0, 1, 8, 9], "texture": "#1"},
				"up": {"uv": [8, 8, 16, 16], "texture": "#1"},
				"down": {"uv": [8, 0, 16, 8], "texture": "#1"}
			}
		},
		{
			"from": [4, 8, 4],
			"to": [12, 9, 5],
			"faces": {
				"north": {"uv": [0, 7, 8, 8], "texture": "#1"},
				"east": {"uv": [0, 1, 1, 2], "texture": "#1"},
				"south": {"uv": [8, 8, 0, 9], "texture": "#1"},
				"west": {"uv": [8, 0, 9, 1], "texture": "#1"},
				"up": {"uv": [8, 0, 0, 1], "texture": "#1"},
				"down": {"uv": [0, 0, 8, 1], "texture": "#missing"}
			}
		},
		{
			"from": [4, 8, 11],
			"to": [12, 9, 12],
			"faces": {
				"north": {"uv": [8, 8, 0, 9], "texture": "#1"},
				"east": {"uv": [0, 1, 1, 2], "texture": "#1"},
				"south": {"uv": [16, 1, 8, 2], "texture": "#1"},
				"west": {"uv": [7, 0, 8, 1], "texture": "#1"},
				"up": {"uv": [8, 0, 0, 1], "texture": "#1"},
				"down": {"uv": [0, 0, 8, 1], "texture": "#missing"}
			}
		},
		{
			"from": [11, 8, 5],
			"to": [12, 9, 11],
			"faces": {
				"north": {"uv": [0, 0, 1, 1], "texture": "#missing"},
				"east": {"uv": [9, 1, 15, 2], "texture": "#1"},
				"south": {"uv": [0, 0, 1, 1], "texture": "#missing"},
				"west": {"uv": [1, 8, 7, 9], "texture": "#1"},
				"up": {"uv": [7, 1, 1, 0], "rotation": 90, "texture": "#1"},
				"down": {"uv": [0, 0, 1, 6], "texture": "#missing"}
			}
		},
		{
			"from": [4, 8, 5],
			"to": [5, 9, 11],
			"faces": {
				"north": {"uv": [0, 0, 1, 1], "texture": "#missing"},
				"east": {"uv": [1, 8, 7, 9], "texture": "#1"},
				"south": {"uv": [0, 0, 1, 1], "texture": "#missing"},
				"west": {"uv": [9, 1, 15, 2], "texture": "#1"},
				"up": {"uv": [7, 1, 1, 0], "rotation": 90, "texture": "#1"},
				"down": {"uv": [0, 0, 1, 6], "texture": "#missing"}
			}
		}
	],
	"display": {
		"thirdperson_righthand": {
			"translation": [0, 4, 0.5],
			"scale": [0.5, 0.5, 0.5]
		},
		"thirdperson_lefthand": {
			"translation": [0, 4, 0.5],
			"scale": [0.5, 0.5, 0.5]
		},
		"firstperson_righthand": {
			"translation": [-0.25, 2.75, 0],
			"scale": [0.6, 0.6, 0.6]
		},
		"firstperson_lefthand": {
			"translation": [-0.25, 2.75, 0],
			"scale": [0.6, 0.6, 0.6]
		},
		"head": {
			"translation": [0, 14.25, 0]
		}
	},
	"groups": [
		{
			"name": "group",
			"origin": [8, 8, 8],
			"color": 0,
			"children": [0, 1, 2]
		},
		3,
		4
	]
}