{
	"format_version": "1.21.6",
	"credit": "Made by Berksire",
	"textures": {
		"0": "furniture:block/sewing_kit_top",
		"1": "furniture:block/sewing_kit_inner",
		"2": "furniture:block/sewing_kit_bottom",
		"3": "furniture:block/sewing_kit_inner_top",
		"particle": "furniture:block/sofa_side_yellow"
	},
	"elements": [
		{
			"from": [2, 0, 2],
			"to": [14, 4, 12],
			"rotation": {"angle": 0, "axis": "y", "origin": [3, 0, 3]},
			"faces": {
				"north": {"uv": [2, 11, 14, 15], "texture": "#0"},
				"east": {"uv": [3, 11, 13, 15], "texture": "#0"},
				"south": {"uv": [2, 11, 14, 15], "texture": "#0"},
				"west": {"uv": [3, 11, 13, 15], "texture": "#0"},
				"up": {"uv": [0, 0, 12, 10], "texture": "#1"},
				"down": {"uv": [2, 0, 14, 10], "texture": "#2"}
			}
		},
		{
			"from": [2, 4, 11],
			"to": [14, 14, 14],
			"rotation": {"angle": 0, "axis": "y", "origin": [3, 4, 12]},
			"faces": {
				"north": {"uv": [2, 3, 14, 13], "texture": "#3"},
				"east": {"uv": [12, 0, 15, 10], "texture": "#1"},
				"south": {"uv": [2, 0, 14, 10], "texture": "#0"},
				"west": {"uv": [15, 0, 12, 10], "texture": "#1"},
				"up": {"uv": [0, 13, 12, 10], "texture": "#1"},
				"down": {"uv": [0, 10, 12, 13], "texture": "#1"}
			}
		}
	],
	"display": {
		"thirdperson_righthand": {
			"rotation": [16, 0, 0],
			"translation": [0, 4.75, 1],
			"scale": [0.6, 0.6, 0.6]
		},
		"thirdperson_lefthand": {
			"rotation": [16, 0, 0],
			"translation": [0, 4.75, 1],
			"scale": [0.6, 0.6, 0.6]
		},
		"firstperson_righthand": {
			"rotation": [0, 90, 0],
			"translation": [-3.5, 3.5, 0.25],
			"scale": [0.6, 0.6, 0.6]
		},
		"firstperson_lefthand": {
			"rotation": [0, 90, 0],
			"translation": [-3.5, 3.5, 0.25],
			"scale": [0.6, 0.6, 0.6]
		},
		"head": {
			"translation": [0, 14.25, 0]
		}
	}
}