{
	"format_version": "1.21.6",
	"credit": "Made by Berksire",
	"textures": {
		"0": "furniture:block/telescope_bottom",
		"1": "furniture:block/telescope_top",
		"particle": "furniture:block/telescope_bottom"
	},
	"elements": [
		{
			"from": [6, 3, 3],
			"to": [10, 7, 11],
			"rotation": {"angle": -22.5, "axis": "x", "origin": [6, 8, 3]},
			"faces": {
				"north": {"uv": [8, 8, 12, 12], "rotation": 180, "texture": "#1"},
				"east": {"uv": [8, 16, 16, 12], "rotation": 180, "texture": "#1"},
				"south": {"uv": [0, 0, 4, 4], "texture": "#missing"},
				"west": {"uv": [16, 16, 8, 12], "rotation": 180, "texture": "#1"},
				"up": {"uv": [0, 12, 8, 16], "rotation": 90, "texture": "#1"},
				"down": {"uv": [8, 12, 0, 16], "rotation": 90, "texture": "#1"}
			}
		},
		{
			"from": [7, 1.6, -3],
			"to": [9, 3.6, 3],
			"rotation": {"angle": -22.5, "axis": "x", "origin": [7, 7, -3]},
			"faces": {
				"north": {"uv": [3, 3, 5, 5], "rotation": 180, "texture": "#1"},
				"east": {"uv": [14, 0, 16, 6], "rotation": 90, "texture": "#1"},
				"south": {"uv": [0, 0, 2, 2], "texture": "#missing"},
				"west": {"uv": [16, 0, 14, 6], "rotation": 90, "texture": "#1"},
				"up": {"uv": [12, 6, 14, 12], "rotation": 180, "texture": "#1"},
				"down": {"uv": [14, 6, 16, 12], "rotation": 180, "texture": "#1"}
			}
		},
		{
			"from": [5, 4.8, 8.8],
			"to": [11, 10.8, 12.8],
			"rotation": {"angle": -22.5, "axis": "x", "origin": [5, 15, 9]},
			"faces": {
				"north": {"uv": [1, 6, 7, 12], "rotation": 180, "texture": "#1"},
				"east": {"uv": [10, 13, 16, 9], "rotation": 90, "texture": "#0"},
				"south": {"uv": [0, 0, 6, 6], "texture": "#1"},
				"west": {"uv": [16, 9, 10, 13], "rotation": 90, "texture": "#0"},
				"up": {"uv": [16, 13, 10, 9], "texture": "#0"},
				"down": {"uv": [16, 9, 10, 13], "texture": "#0"}
			}
		}
	],
	"display": {
		"thirdperson_righthand": {
			"rotation": [-111.75, 0, -180],
			"translation": [0, -1.5, 1],
			"scale": [0.6, 0.6, 0.6]
		},
		"thirdperson_lefthand": {
			"rotation": [-111.75, 0, -180],
			"translation": [0, -1.5, 1],
			"scale": [0.6, 0.6, 0.6]
		},
		"firstperson_righthand": {
			"rotation": [-49.03, -5.98, 4.15],
			"translation": [-0.75, 2.25, 0.5],
			"scale": [0.6, 0.6, 0.6]
		},
		"firstperson_lefthand": {
			"rotation": [-49.03, -5.98, 4.15],
			"translation": [-0.75, 2.25, 0.5],
			"scale": [0.6, 0.6, 0.6]
		}
	}
}