{
	"format_version": "1.21.11",
	"credit": "Made by Satisfy",
	"textures": {
		"0": "herbalbrews:block/cauldron_bottom",
		"1": "herbalbrews:block/cauldron_top",
		"2": "herbalbrews:block/cauldron_side_1",
		"3": "herbalbrews:block/cauldron_side_2",
		"4": "herbalbrews:block/cauldron_side_3",
		"5": "herbalbrews:block/cauldron_side_4",
		"6": "herbalbrews:block/cauldron_top_2",
		"7": "block/spruce_log",
		"10": "herbalbrews:block/coal",
		"11": "block/campfire_fire",
		"12": "block/campfire_log_lit",
		"particle": "herbalbrews:block/cauldron_bottom"
	},
	"elements": [
		{
			"name": "leg",
			"from": [0, 0, 0],
			"to": [2, 3, 4],
			"rotation": {"angle": 0, "axis": "y", "origin": [0, 0, 13]},
			"faces": {
				"north": {"uv": [0, 13, 2, 16], "texture": "#2"},
				"east": {"uv": [1, 0, 5, 2], "texture": "#0"},
				"south": {"uv": [0, 0, 2, 2], "texture": "#0"},
				"west": {"uv": [0, 13, 4, 16], "texture": "#2"},
				"up": {"uv": [0, 0, 2, 4], "texture": "#0"},
				"down": {"uv": [0, 12, 2, 16], "texture": "#0"}
			}
		},
		{
			"name": "leg",
			"from": [2, 0, 0],
			"to": [4, 3, 2],
			"rotation": {"angle": 0, "axis": "y", "origin": [0, 0, 13]},
			"faces": {
				"north": {"uv": [2, 13, 4, 16], "texture": "#2"},
				"east": {"uv": [0, 0, 2, 2], "texture": "#0"},
				"south": {"uv": [1, 0, 3, 2], "texture": "#0"},
				"west": {"uv": [0, 0, 2, 2], "texture": "#0"},
				"up": {"uv": [0, 0, 2, 2], "texture": "#0"},
				"down": {"uv": [0, 12, 2, 14], "texture": "#0"}
			}
		},
		{
			"name": "leg",
			"from": [12, 0, 0],
			"to": [16, 3, 2],
			"rotation": {"angle": 0, "axis": "y", "origin": [0, 0, 13]},
			"faces": {
				"north": {"uv": [0, 13, 4, 16], "texture": "#2"},
				"east": {"uv": [14, 13, 16, 16], "texture": "#2"},
				"south": {"uv": [0, 13, 4, 16], "texture": "#2"},
				"west": {"uv": [12, 13, 14, 16], "texture": "#2"},
				"up": {"uv": [0, 0, 2, 4], "rotation": 90, "texture": "#0"},
				"down": {"uv": [0, 12, 2, 16], "rotation": 270, "texture": "#0"}
			}
		},
		{
			"name": "leg",
			"from": [14, 0, 2],
			"to": [16, 3, 4],
			"rotation": {"angle": 0, "axis": "y", "origin": [0, 0, 13]},
			"faces": {
				"north": {"uv": [12, 13, 14, 16], "texture": "#2"},
				"east": {"uv": [4, 13, 2, 16], "texture": "#2"},
				"south": {"uv": [12, 13, 14, 16], "texture": "#2"},
				"west": {"uv": [12, 13, 14, 16], "texture": "#2"},
				"up": {"uv": [0, 0, 2, 2], "rotation": 90, "texture": "#0"},
				"down": {"uv": [0, 12, 2, 14], "rotation": 270, "texture": "#0"}
			}
		},
		{
			"name": "leg",
			"from": [14, 0, 12],
			"to": [16, 3, 16],
			"rotation": {"angle": 0, "axis": "y", "origin": [0, 0, 13]},
			"faces": {
				"north": {"uv": [0, 0, 2, 2], "texture": "#0"},
				"east": {"uv": [0, 13, 4, 16], "texture": "#2"},
				"south": {"uv": [14, 13, 16, 16], "texture": "#2"},
				"west": {"uv": [1, 0, 5, 2], "texture": "#0"},
				"up": {"uv": [0, 0, 2, 4], "rotation": 180, "texture": "#0"},
				"down": {"uv": [0, 12, 2, 16], "rotation": 180, "texture": "#0"}
			}
		},
		{
			"name": "leg",
			"from": [12, 0, 14],
			"to": [14, 3, 16],
			"rotation": {"angle": 0, "axis": "y", "origin": [0, 0, 13]},
			"faces": {
				"north": {"uv": [1, 0, 3, 2], "texture": "#0"},
				"east": {"uv": [0, 0, 2, 2], "texture": "#0"},
				"south": {"uv": [12, 13, 14, 16], "texture": "#2"},
				"west": {"uv": [12, 13, 14, 16], "texture": "#2"},
				"up": {"uv": [0, 0, 2, 2], "rotation": 180, "texture": "#0"},
				"down": {"uv": [0, 12, 2, 14], "rotation": 180, "texture": "#0"}
			}
		},
		{
			"name": "leg",
			"from": [0, 0, 14],
			"to": [4, 3, 16],
			"rotation": {"angle": 0, "axis": "y", "origin": [0, 0, 13]},
			"faces": {
				"north": {"uv": [0, 0, 4, 2], "texture": "#0"},
				"east": {"uv": [12, 13, 14, 16], "texture": "#2"},
				"south": {"uv": [0, 13, 4, 16], "texture": "#2"},
				"west": {"uv": [14, 13, 16, 16], "texture": "#2"},
				"up": {"uv": [0, 0, 2, 4], "texture": "#0"},
				"down": {"uv": [0, 0, 2, 4], "texture": "#0"}
			}
		},
		{
			"name": "leg",
			"from": [0, 0, 12],
			"to": [2, 3, 14],
			"rotation": {"angle": 0, "axis": "y", "origin": [0, 0, 13]},
			"faces": {
				"north": {"uv": [12, 13, 14, 16], "texture": "#2"},
				"east": {"uv": [12, 13, 14, 16], "texture": "#2"},
				"south": {"uv": [12, 13, 14, 16], "texture": "#2"},
				"west": {"uv": [12, 13, 14, 16], "texture": "#2"},
				"up": {"uv": [0, 0, 2, 2], "texture": "#0"},
				"down": {"uv": [0, 2, 2, 4], "texture": "#0"}
			}
		},
		{
			"from": [0, 3, 0],
			"to": [16, 11, 16],
			"faces": {
				"north": {"uv": [0, 5, 16, 13], "texture": "#3"},
				"east": {"uv": [0, 5, 16, 13], "texture": "#4"},
				"south": {"uv": [0, 5, 16, 13], "texture": "#2"},
				"west": {"uv": [0, 5, 16, 13], "texture": "#5"},
				"up": {"uv": [0, 0, 16, 16], "texture": "#1"},
				"down": {"uv": [0, 0, 16, 16], "texture": "#0"}
			}
		},
		{
			"from": [1, 11, 1],
			"to": [15, 13, 15],
			"faces": {
				"north": {"uv": [1, 3, 15, 5], "texture": "#2"},
				"east": {"uv": [1, 3, 15, 5], "texture": "#2"},
				"south": {"uv": [1, 3, 15, 5], "texture": "#2"},
				"west": {"uv": [1, 3, 15, 5], "texture": "#2"},
				"up": {"uv": [1, 1, 15, 15], "texture": "#1"},
				"down": {"uv": [0, 0, 14, 14], "texture": "#0"}
			}
		},
		{
			"from": [9, 5, 8],
			"to": [11, 21, 10],
			"rotation": {"angle": 22.5, "axis": "z", "origin": [0, 0, 0]},
			"faces": {
				"north": {"uv": [0, 0, 2, 16], "texture": "#7"},
				"east": {"uv": [0, 0, 2, 16], "texture": "#7"},
				"south": {"uv": [0, 0, 2, 16], "texture": "#7"},
				"west": {"uv": [0, 0, 2, 16], "texture": "#7"},
				"up": {"uv": [0, 0, 2, 2], "texture": "#7"},
				"down": {"uv": [0, 0, 2, 2], "texture": "#7"}
			}
		},
		{
			"from": [2, 1, 2],
			"to": [14, 4, 14],
			"rotation": {"angle": 0, "axis": "y", "origin": [-1, 0, -1]},
			"faces": {
				"north": {"uv": [2, 2, 14, 5], "texture": "#11"},
				"east": {"uv": [2, 2, 14, 5], "texture": "#11"},
				"south": {"uv": [2, 2, 14, 5], "texture": "#11"},
				"west": {"uv": [2, 2, 14, 5], "texture": "#11"}
			}
		},
		{
			"from": [1, 0.01, 1],
			"to": [15, 1.01, 15],
			"rotation": {"angle": 0, "axis": "y", "origin": [-2, 0, 14]},
			"faces": {
				"north": {"uv": [1, 6, 15, 7], "texture": "#10"},
				"east": {"uv": [2, 2, 16, 3], "texture": "#10"},
				"south": {"uv": [1, 14, 15, 15], "texture": "#10"},
				"west": {"uv": [0, 11, 14, 12], "texture": "#10"},
				"up": {"uv": [1, 1, 15, 14], "texture": "#10"},
				"down": {"uv": [1, 1, 15, 14], "texture": "#10"}
			}
		},
		{
			"from": [3, 1, 11],
			"to": [13, 3, 13],
			"rotation": {"angle": 0, "axis": "y", "origin": [1, 0, -3]},
			"faces": {
				"north": {"uv": [4, 3, 14, 5], "texture": "#12"},
				"east": {"uv": [6, 2, 8, 4], "texture": "#12"},
				"south": {"uv": [4, 2, 14, 4], "texture": "#12"},
				"west": {"uv": [2, 4, 4, 6], "texture": "#12"},
				"up": {"uv": [0, 0, 10, 2], "texture": "#12"},
				"down": {"uv": [3, 2, 13, 4], "texture": "#12"}
			}
		},
		{
			"from": [3, 1, 7],
			"to": [13, 3, 9],
			"rotation": {"angle": 0, "axis": "y", "origin": [1, 0, -3]},
			"faces": {
				"north": {"uv": [4, 3, 14, 5], "texture": "#12"},
				"east": {"uv": [6, 2, 8, 4], "texture": "#12"},
				"south": {"uv": [4, 2, 14, 4], "texture": "#12"},
				"west": {"uv": [2, 4, 4, 6], "texture": "#12"},
				"up": {"uv": [0, 0, 10, 2], "texture": "#12"},
				"down": {"uv": [3, 2, 13, 4], "texture": "#12"}
			}
		},
		{
			"from": [3, 1, 3],
			"to": [13, 3, 5],
			"rotation": {"angle": 0, "axis": "y", "origin": [1, 0, -3]},
			"faces": {
				"north": {"uv": [4, 3, 14, 5], "texture": "#12"},
				"east": {"uv": [6, 2, 8, 4], "texture": "#12"},
				"south": {"uv": [4, 2, 14, 4], "texture": "#12"},
				"west": {"uv": [2, 4, 4, 6], "texture": "#12"},
				"up": {"uv": [0, 0, 10, 2], "texture": "#12"},
				"down": {"uv": [3, 2, 13, 4], "texture": "#12"}
			}
		},
		{
			"from": [0, 13, 0],
			"to": [16, 16, 16],
			"rotation": {"angle": 0, "axis": "y", "origin": [0, 13, 0]},
			"faces": {
				"north": {"uv": [0, 0, 16, 3], "texture": "#3"},
				"east": {"uv": [0, 0, 16, 3], "texture": "#4"},
				"south": {"uv": [0, 0, 16, 3], "texture": "#2"},
				"west": {"uv": [0, 0, 16, 3], "texture": "#5"},
				"up": {"uv": [16, 16, 0, 0], "rotation": 90, "texture": "#6"},
				"down": {"uv": [0, 16, 16, 0], "texture": "#1"}
			}
		},
		{
			"from": [13, 13, 3],
			"to": [3, 16, 13],
			"rotation": {"angle": 0, "axis": "y", "origin": [13, 13, 3]},
			"faces": {
				"north": {"uv": [0, 0, 10, 3], "texture": "#4"},
				"east": {"uv": [6, 0, 16, 3], "texture": "#2"},
				"south": {"uv": [4, 0, 14, 3], "texture": "#2"},
				"west": {"uv": [5, 0, 15, 3], "texture": "#5"}
			}
		}
	],
	"display": {
		"thirdperson_righthand": {
			"rotation": [20.75, 0, 0],
			"translation": [0, 3, 0],
			"scale": [0.4, 0.4, 0.4]
		},
		"thirdperson_lefthand": {
			"rotation": [20.75, 0, 0],
			"translation": [0, 3, 0],
			"scale": [0.4, 0.4, 0.4]
		},
		"firstperson_righthand": {
			"translation": [-1.75, 1, 0],
			"scale": [0.4, 0.4, 0.4]
		},
		"firstperson_lefthand": {
			"translation": [-1.75, 1, 0],
			"scale": [0.4, 0.4, 0.4]
		}
	}
}