{
	"format_version": "1.21.6",
	"credit": "Made by Satisfy",
	"textures": {
		"0": "herbalbrews:block/coffee",
		"particle": "herbalbrews:block/coffee"
	},
	"elements": [
		{
			"from": [4.6, 5, 2.6],
			"to": [9.6, 6, 7.6],
			"rotation": {"angle": 0, "axis": "y", "origin": [7, 7, 4.6]},
			"faces": {
				"north": {"uv": [11, 0, 16, 1], "texture": "#0"},
				"east": {"uv": [11, 0, 16, 1], "texture": "#0"},
				"south": {"uv": [11, 0, 16, 1], "texture": "#0"},
				"west": {"uv": [11, 0, 16, 1], "texture": "#0"},
				"up": {"uv": [6, 0, 11, 5], "rotation": 90, "texture": "#0"},
				"down": {"uv": [6, 0, 11, 5], "rotation": 270, "texture": "#0"}
			}
		},
		{
			"from": [5.6, 6, 3.6],
			"to": [8.6, 10, 6.6],
			"rotation": {"angle": 0, "axis": "y", "origin": [7, 7, 4.6]},
			"faces": {
				"north": {"uv": [3, 0, 6, 4], "texture": "#0"},
				"east": {"uv": [3, 0, 6, 4], "texture": "#0"},
				"south": {"uv": [3, 0, 6, 4], "texture": "#0"},
				"west": {"uv": [3, 0, 6, 4], "texture": "#0"},
				"up": {"uv": [0, 0, 3, 3], "rotation": 90, "texture": "#0"},
				"down": {"uv": [3, 1, 6, 4], "rotation": 270, "texture": "#0"}
			}
		},
		{
			"from": [7.1, 6, 6.6],
			"to": [7.1, 9, 8.6],
			"rotation": {"angle": 0, "axis": "y", "origin": [7, 7, 4.6]},
			"faces": {
				"east": {"uv": [0, 4, 2, 7], "texture": "#0"},
				"west": {"uv": [2, 4, 0, 7], "texture": "#0"}
			}
		}
	],
	"display": {
		"thirdperson_righthand": {
			"rotation": [38.04, -4.33, 8.6],
			"translation": [0.25, -0.25, 0.75]
		},
		"thirdperson_lefthand": {
			"rotation": [38.04, -4.33, 8.6],
			"translation": [-1, -0.25, 0.75]
		},
		"firstperson_righthand": {
			"rotation": [-5.58, 5.22, 18.27],
			"translation": [0.25, 5, 4.75]
		},
		"firstperson_lefthand": {
			"rotation": [-10.49, 4.78, 19.28],
			"translation": [-1.25, 4.75, 4.75]
		},
		"head": {
			"translation": [0, 10, 2.5]
		}
	},
	"groups": [
		{
			"name": "coffee_cup1",
			"origin": [8, 8, 8],
			"color": 0,
			"children": [0, 1, 2]
		}
	]
}