{
	"format_version": "1.21.6",
	"credit": "Made by Satisfy",
	"textures": {
		"0": "herbalbrews:block/lavender_tea",
		"particle": "herbalbrews:block/lavender_tea"
	},
	"elements": [
		{
			"from": [7, 6, 4],
			"to": [9, 7, 6],
			"rotation": {"angle": 0, "axis": "y", "origin": [8, 8, 5]},
			"faces": {
				"north": {"uv": [5, 1, 7, 2], "texture": "#0"},
				"east": {"uv": [5, 1, 7, 2], "texture": "#0"},
				"south": {"uv": [5, 1, 7, 2], "texture": "#0"},
				"west": {"uv": [5, 1, 7, 2], "texture": "#0"},
				"up": {"uv": [6, 0, 8, 2], "rotation": 270, "texture": "#0"},
				"down": {"uv": [6, 0, 8, 2], "rotation": 90, "texture": "#0"}
			}
		},
		{
			"from": [6, 7, 3],
			"to": [10, 9, 7],
			"rotation": {"angle": 0, "axis": "y", "origin": [8, 8, 5]},
			"faces": {
				"north": {"uv": [4, 0, 8, 2], "texture": "#0"},
				"east": {"uv": [4, 0, 8, 2], "texture": "#0"},
				"south": {"uv": [4, 0, 8, 2], "texture": "#0"},
				"west": {"uv": [4, 0, 8, 2], "texture": "#0"},
				"up": {"uv": [0, 0, 4, 4], "rotation": 270, "texture": "#0"},
				"down": {"uv": [0, 0, 4, 4], "rotation": 90, "texture": "#0"}
			}
		},
		{
			"from": [8, 6, 6],
			"to": [8, 9, 9],
			"rotation": {"angle": 0, "axis": "y", "origin": [8, 8, 5]},
			"faces": {
				"north": {"uv": [0, 0, 0, 3], "texture": "#missing"},
				"east": {"uv": [0, 4, 3, 7], "texture": "#0"},
				"south": {"uv": [0, 0, 0, 3], "texture": "#missing"},
				"west": {"uv": [3, 4, 0, 7], "texture": "#0"},
				"up": {"uv": [0, 0, 3, 0], "rotation": 270, "texture": "#missing"},
				"down": {"uv": [0, 0, 3, 0], "rotation": 90, "texture": "#missing"}
			}
		}
	],
	"display": {
		"thirdperson_righthand": {
			"rotation": [38.49, -5.63, 10.06],
			"translation": [0, -0.25, 0.75],
			"scale": [1.3, 1.3, 1.3]
		},
		"thirdperson_lefthand": {
			"rotation": [38.49, -5.63, 10.06],
			"translation": [0, -0.25, 0.75],
			"scale": [1.3, 1.3, 1.3]
		},
		"firstperson_righthand": {
			"rotation": [-7.02, 5.9, 18.56],
			"translation": [0, 3.75, 5.75],
			"scale": [1.3, 1.3, 1.3]
		},
		"firstperson_lefthand": {
			"rotation": [-7.67, 6.22, 18.62],
			"translation": [0, 3.75, 5.75],
			"scale": [1.3, 1.3, 1.3]
		},
		"head": {
			"translation": [0, 8.5, 2]
		}
	},
	"groups": [
		{
			"name": "tea",
			"origin": [8, 8, 8],
			"color": 0,
			"children": [0, 1, 2]
		}
	]
}