{
	"format_version": "1.21.6",
	"credit": "Made by Satisfy",
	"textures": {
		"0": "herbalbrews:block/rooibos_tea",
		"particle": "herbalbrews:block/rooibos_tea"
	},
	"elements": [
		{
			"from": [5.75, 3, 1.75],
			"to": [9.75, 4, 5.75],
			"rotation": {"angle": 0, "axis": "y", "origin": [7.75, 6, 4]},
			"faces": {
				"north": {"uv": [1, 4, 5, 5], "texture": "#0"},
				"east": {"uv": [1, 4, 5, 5], "texture": "#0"},
				"south": {"uv": [1, 4, 5, 5], "texture": "#0"},
				"west": {"uv": [1, 4, 5, 5], "texture": "#0"},
				"up": {"uv": [0.5, 6, 2.5, 8], "rotation": 270, "texture": "#0"},
				"down": {"uv": [1, 5, 5, 9], "rotation": 90, "texture": "#0"}
			}
		},
		{
			"from": [4.75, 4, 0.75],
			"to": [10.75, 9, 6.75],
			"rotation": {"angle": 0, "axis": "y", "origin": [7.75, 6, 4]},
			"faces": {
				"north": {"uv": [0, 0, 6, 5], "texture": "#0"},
				"east": {"uv": [0, 0, 6, 5], "texture": "#0"},
				"south": {"uv": [0, 0, 6, 5], "texture": "#0"},
				"west": {"uv": [0, 0, 6, 5], "texture": "#0"},
				"up": {"uv": [9, 0, 15, 6], "rotation": 180, "texture": "#0"},
				"down": {"uv": [0, 5, 6, 11], "rotation": 180, "texture": "#0"}
			}
		},
		{
			"from": [7.75, 4, 6.75],
			"to": [7.75, 9, 9.75],
			"rotation": {"angle": 0, "axis": "y", "origin": [7.75, 6, 4]},
			"faces": {
				"east": {"uv": [9, 0, 6, 5], "texture": "#0"},
				"west": {"uv": [6, 0, 9, 5], "texture": "#0"}
			}
		}
	],
	"display": {
		"thirdperson_righthand": {
			"rotation": [30.92, -5.99, 8],
			"translation": [0, 0, 1]
		},
		"thirdperson_lefthand": {
			"rotation": [30.92, -5.99, 8],
			"translation": [0, 0, 1]
		},
		"firstperson_righthand": {
			"rotation": [-8.04, 7.13, 23.06],
			"translation": [0.5, 4.25, 5.5]
		},
		"firstperson_lefthand": {
			"rotation": [-8.04, 7.13, 23.06],
			"translation": [0.5, 4.25, 5.5]
		}
	},
	"groups": [
		{
			"name": "group",
			"origin": [0, 0, 0],
			"color": 0,
			"children": [0, 1, 2]
		}
	]
}