{
	"format_version": "1.21.6",
	"credit": "Made by Satisfy",
	"textures": {
		"0": "herbalbrews:block/yerba_mate_tea",
		"particle": "herbalbrews:block/yerba_mate_tea"
	},
	"elements": [
		{
			"from": [7, 9, 6],
			"to": [9, 10, 8],
			"rotation": {"angle": 0, "axis": "y", "origin": [7, 9, 6]},
			"faces": {
				"north": {"uv": [1, 1, 3, 2], "texture": "#0"},
				"east": {"uv": [3, 1, 1, 2], "texture": "#0"},
				"south": {"uv": [2, 2, 4, 3], "texture": "#0"},
				"west": {"uv": [2, 1, 4, 2], "texture": "#0"},
				"up": {"uv": [2, 1, 4, 3], "texture": "#0"},
				"down": {"uv": [2, 1, 4, 3], "texture": "#0"}
			}
		},
		{
			"from": [6, 5, 5],
			"to": [10, 9, 9],
			"rotation": {"angle": 0, "axis": "y", "origin": [6, 5, 5]},
			"faces": {
				"north": {"uv": [0, 0, 4, 4], "texture": "#0"},
				"east": {"uv": [0, 0, 4, 4], "texture": "#0"},
				"south": {"uv": [0, 0, 4, 4], "texture": "#0"},
				"west": {"uv": [0, 0, 4, 4], "texture": "#0"},
				"up": {"uv": [4, 8, 0, 4], "texture": "#0"},
				"down": {"uv": [4, 8, 0, 12], "texture": "#0"}
			}
		}
	],
	"display": {
		"thirdperson_righthand": {
			"rotation": [29.88, -5.85, 7.52],
			"translation": [-1, 0.75, 0.75],
			"scale": [1.1, 1.1, 1.1]
		},
		"thirdperson_lefthand": {
			"rotation": [29.88, -5.85, 7.52],
			"translation": [-1, 0.75, 0.75],
			"scale": [1.1, 1.1, 1.1]
		},
		"firstperson_righthand": {
			"rotation": [-8.95, 4.52, 20.67],
			"translation": [-0.5, 4, 2.75],
			"scale": [1.1, 1.1, 1.1]
		},
		"firstperson_lefthand": {
			"rotation": [-8.95, 4.52, 20.67],
			"translation": [-0.5, 4, 2.75],
			"scale": [1.1, 1.1, 1.1]
		}
	},
	"groups": [
		{
			"name": "tea",
			"origin": [8, 8, 8],
			"color": 0,
			"children": [0, 1]
		}
	]
}