{
    "multipart": [
        {"apply": {"model": "nethervinery:block/obsidian_grapevine_stem"}
        },
            {"when": { "AND": [ { "OR": [ {"age": "1"}, {"age": "2"} ] }, { "OR": [ {"grape": "red"}, {"grape": "white"} ] } ] },
		        "apply": [
                {"model": "vinery:block/grapevine_leaves"},
                {"model": "vinery:block/grapevine_leaves", "y": 90},
                {"model": "vinery:block/grapevine_leaves", "x": 90},
                {"model": "vinery:block/grapevine_leaves", "x": 90, "y": 90 },
                {"model": "vinery:block/grapevine_leaves2"},
                {"model": "vinery:block/grapevine_leaves2", "y": 90},
                {"model": "vinery:block/grapevine_leaves2", "x": 90},
                {"model": "vinery:block/grapevine_leaves2", "x": 90, "y": 90 },
                {"model": "vinery:block/grapevine_leaves3"},
                {"model": "vinery:block/grapevine_leaves3", "y": 90},
                {"model": "vinery:block/grapevine_leaves3", "x": 90},
                {"model": "vinery:block/grapevine_leaves3", "x": 90, "y": 90 }
            ]
		    },
            {"when": { "age": "3", "grape": "red" },
		        "apply": [
                {"model": "vinery:block/grapevine_leaves_red_fruiting"},
                {"model": "vinery:block/grapevine_leaves_red_fruiting", "y": 90},
                {"model": "vinery:block/grapevine_leaves_red_fruiting", "x": 90},
                {"model": "vinery:block/grapevine_leaves_red_fruiting", "x": 90, "y": 90 },
                {"model": "vinery:block/grapevine_leaves_red_fruiting2"},
                {"model": "vinery:block/grapevine_leaves_red_fruiting2", "y": 90},
                {"model": "vinery:block/grapevine_leaves_red_fruiting2", "x": 90},
                {"model": "vinery:block/grapevine_leaves_red_fruiting2", "x": 90, "y": 90 },
                {"model": "vinery:block/grapevine_leaves_red_fruiting3"},
                {"model": "vinery:block/grapevine_leaves_red_fruiting3", "y": 90},
                {"model": "vinery:block/grapevine_leaves_red_fruiting3", "x": 90},
                {"model": "vinery:block/grapevine_leaves_red_fruiting3", "x": 90, "y": 90 }
            ]
        },
            {"when": { "age": "3", "grape": "white" },
		        "apply": [
                {"model": "vinery:block/grapevine_leaves_white_fruiting"},
                {"model": "vinery:block/grapevine_leaves_white_fruiting", "y": 90},
                {"model": "vinery:block/grapevine_leaves_white_fruiting", "x": 90},
                {"model": "vinery:block/grapevine_leaves_white_fruiting", "x": 90, "y": 90 },
                {"model": "vinery:block/grapevine_leaves_white_fruiting2"},
                {"model": "vinery:block/grapevine_leaves_white_fruiting2", "y": 90},
                {"model": "vinery:block/grapevine_leaves_white_fruiting2", "x": 90},
                {"model": "vinery:block/grapevine_leaves_white_fruiting2", "x": 90, "y": 90 },
                {"model": "vinery:block/grapevine_leaves_white_fruiting3"},
                {"model": "vinery:block/grapevine_leaves_white_fruiting3", "y": 90},
                {"model": "vinery:block/grapevine_leaves_white_fruiting3", "x": 90},
                {"model": "vinery:block/grapevine_leaves_white_fruiting3", "x": 90, "y": 90 }
            ]
        },
            {"when": { "age": "4", "grape": "red" },
		        "apply": [
                {"model": "vinery:block/grapevine_leaves_red_ripe"},
                {"model": "vinery:block/grapevine_leaves_red_ripe", "y": 90},
                {"model": "vinery:block/grapevine_leaves_red_ripe", "x": 90},
                {"model": "vinery:block/grapevine_leaves_red_ripe", "x": 90, "y": 90 },
                {"model": "vinery:block/grapevine_leaves_red_ripe2"},
                {"model": "vinery:block/grapevine_leaves_red_ripe2", "y": 90},
                {"model": "vinery:block/grapevine_leaves_red_ripe2", "x": 90},
                {"model": "vinery:block/grapevine_leaves_red_ripe2", "x": 90, "y": 90 },
                {"model": "vinery:block/grapevine_leaves_red_ripe3"},
                {"model": "vinery:block/grapevine_leaves_red_ripe3", "y": 90},
                {"model": "vinery:block/grapevine_leaves_red_ripe3", "x": 90},
                {"model": "vinery:block/grapevine_leaves_red_ripe3", "x": 90, "y": 90 }
            ]
        },
            {"when": { "age": "4", "grape": "white" },
		        "apply": [
                {"model": "vinery:block/grapevine_leaves_white_ripe"},
                {"model": "vinery:block/grapevine_leaves_white_ripe", "y": 90},
                {"model": "vinery:block/grapevine_leaves_white_ripe", "x": 90},
                {"model": "vinery:block/grapevine_leaves_white_ripe", "x": 90, "y": 90 },
                {"model": "vinery:block/grapevine_leaves_white_ripe2"},
                {"model": "vinery:block/grapevine_leaves_white_ripe2", "y": 90},
                {"model": "vinery:block/grapevine_leaves_white_ripe2", "x": 90},
                {"model": "vinery:block/grapevine_leaves_white_ripe2", "x": 90, "y": 90 },
                {"model": "vinery:block/grapevine_leaves_white_ripe3"},
                {"model": "vinery:block/grapevine_leaves_white_ripe3", "y": 90},
                {"model": "vinery:block/grapevine_leaves_white_ripe3", "x": 90},
                {"model": "vinery:block/grapevine_leaves_white_ripe3", "x": 90, "y": 90 }
            ]
        },


            {"when": { "AND": [ { "OR": [ {"age": "1"}, {"age": "2"} ] }, { "OR": [ {"grape": "taiga_red"}, {"grape": "taiga_white"} ] } ] },
		        "apply": [
                {"model": "vinery:block/taiga_grapevine_leaves"},
                {"model": "vinery:block/taiga_grapevine_leaves", "y": 90},
                {"model": "vinery:block/taiga_grapevine_leaves", "x": 90},
                {"model": "vinery:block/taiga_grapevine_leaves", "x": 90, "y": 90 },
                {"model": "vinery:block/taiga_grapevine_leaves2"},
                {"model": "vinery:block/taiga_grapevine_leaves2", "y": 90},
                {"model": "vinery:block/taiga_grapevine_leaves2", "x": 90},
                {"model": "vinery:block/taiga_grapevine_leaves2", "x": 90, "y": 90 },
                {"model": "vinery:block/taiga_grapevine_leaves3"},
                {"model": "vinery:block/taiga_grapevine_leaves3", "y": 90},
                {"model": "vinery:block/taiga_grapevine_leaves3", "x": 90},
                {"model": "vinery:block/taiga_grapevine_leaves3", "x": 90, "y": 90 }
            ]
		    },
            {"when": { "age": "3", "grape": "taiga_red" },
		        "apply": [
                {"model": "vinery:block/taiga_grapevine_leaves_red_fruiting"},
                {"model": "vinery:block/taiga_grapevine_leaves_red_fruiting", "y": 90},
                {"model": "vinery:block/taiga_grapevine_leaves_red_fruiting", "x": 90},
                {"model": "vinery:block/taiga_grapevine_leaves_red_fruiting", "x": 90, "y": 90 },
                {"model": "vinery:block/taiga_grapevine_leaves_red_fruiting2"},
                {"model": "vinery:block/taiga_grapevine_leaves_red_fruiting2", "y": 90},
                {"model": "vinery:block/taiga_grapevine_leaves_red_fruiting2", "x": 90},
                {"model": "vinery:block/taiga_grapevine_leaves_red_fruiting2", "x": 90, "y": 90 },
                {"model": "vinery:block/taiga_grapevine_leaves_red_fruiting3"},
                {"model": "vinery:block/taiga_grapevine_leaves_red_fruiting3", "y": 90},
                {"model": "vinery:block/taiga_grapevine_leaves_red_fruiting3", "x": 90},
                {"model": "vinery:block/taiga_grapevine_leaves_red_fruiting3", "x": 90, "y": 90 }
            ]
        },
            {"when": { "age": "3", "grape": "taiga_white" },
		        "apply": [
                {"model": "vinery:block/taiga_grapevine_leaves_white_fruiting"},
                {"model": "vinery:block/taiga_grapevine_leaves_white_fruiting", "y": 90},
                {"model": "vinery:block/taiga_grapevine_leaves_white_fruiting", "x": 90},
                {"model": "vinery:block/taiga_grapevine_leaves_white_fruiting", "x": 90, "y": 90 },
                {"model": "vinery:block/taiga_grapevine_leaves_white_fruiting2"},
                {"model": "vinery:block/taiga_grapevine_leaves_white_fruiting2", "y": 90},
                {"model": "vinery:block/taiga_grapevine_leaves_white_fruiting2", "x": 90},
                {"model": "vinery:block/taiga_grapevine_leaves_white_fruiting2", "x": 90, "y": 90 },
                {"model": "vinery:block/taiga_grapevine_leaves_white_fruiting3"},
                {"model": "vinery:block/taiga_grapevine_leaves_white_fruiting3", "y": 90},
                {"model": "vinery:block/taiga_grapevine_leaves_white_fruiting3", "x": 90},
                {"model": "vinery:block/taiga_grapevine_leaves_white_fruiting3", "x": 90, "y": 90 }
            ]
        },
            {"when": { "age": "4", "grape": "taiga_red" },
		        "apply": [
                {"model": "vinery:block/taiga_grapevine_leaves_red_ripe"},
                {"model": "vinery:block/taiga_grapevine_leaves_red_ripe", "y": 90},
                {"model": "vinery:block/taiga_grapevine_leaves_red_ripe", "x": 90},
                {"model": "vinery:block/taiga_grapevine_leaves_red_ripe", "x": 90, "y": 90 },
                {"model": "vinery:block/taiga_grapevine_leaves_red_ripe2"},
                {"model": "vinery:block/taiga_grapevine_leaves_red_ripe2", "y": 90},
                {"model": "vinery:block/taiga_grapevine_leaves_red_ripe2", "x": 90},
                {"model": "vinery:block/taiga_grapevine_leaves_red_ripe2", "x": 90, "y": 90 },
                {"model": "vinery:block/taiga_grapevine_leaves_red_ripe3"},
                {"model": "vinery:block/taiga_grapevine_leaves_red_ripe3", "y": 90},
                {"model": "vinery:block/taiga_grapevine_leaves_red_ripe3", "x": 90},
                {"model": "vinery:block/taiga_grapevine_leaves_red_ripe3", "x": 90, "y": 90 }
            ]
        },
            {"when": { "age": "4", "grape": "taiga_white" },
		        "apply": [
                {"model": "vinery:block/taiga_grapevine_leaves_white_ripe"},
                {"model": "vinery:block/taiga_grapevine_leaves_white_ripe", "y": 90},
                {"model": "vinery:block/taiga_grapevine_leaves_white_ripe", "x": 90},
                {"model": "vinery:block/taiga_grapevine_leaves_white_ripe", "x": 90, "y": 90 },
                {"model": "vinery:block/taiga_grapevine_leaves_white_ripe2"},
                {"model": "vinery:block/taiga_grapevine_leaves_white_ripe2", "y": 90},
                {"model": "vinery:block/taiga_grapevine_leaves_white_ripe2", "x": 90},
                {"model": "vinery:block/taiga_grapevine_leaves_white_ripe2", "x": 90, "y": 90 },
                {"model": "vinery:block/taiga_grapevine_leaves_white_ripe3"},
                {"model": "vinery:block/taiga_grapevine_leaves_white_ripe3", "y": 90},
                {"model": "vinery:block/taiga_grapevine_leaves_white_ripe3", "x": 90},
                {"model": "vinery:block/taiga_grapevine_leaves_white_ripe3", "x": 90, "y": 90 }
            ]
        },


        {"when": { "AND": [ { "OR": [ {"age": "1"}, {"age": "2"}, {"age": "3"} ] }, { "OR": [ {"grape": "savanna_red"}, {"grape": "savanna_white"} ] } ] },
		        "apply": {"model": "vinery:block/savanna_grapevine"}
        },
        {"when": { "AND": [ {"age": "4"}, {"grape": "savanna_red"} ] },
		        "apply": {"model": "vinery:block/savanna_grapevine_red_grown"}
        },
        {"when": { "AND": [ {"age": "4"}, {"grape": "savanna_white"} ] },
		        "apply": {"model": "vinery:block/savanna_grapevine_white_grown"}
        },


        {"when": { "age": "1", "grape": "warped" },
		        "apply": {"model": "nethervinery:block/warped_obsidian_grapevine_stage0"}
        },
        {"when": { "age": "2", "grape": "warped" },
		        "apply": {"model": "nethervinery:block/warped_obsidian_grapevine_stage1"}
        },
        {"when": { "age": "3", "grape": "warped" },
		        "apply": {"model": "nethervinery:block/warped_obsidian_grapevine_stage2"}
        },
        {"when": { "age": "4", "grape": "warped" },
		        "apply": {"model": "nethervinery:block/warped_obsidian_grapevine_stage3"}
        },


        {"when": { "age": "1", "grape": "crimson" },
        "apply": [
            {"model": "nethervinery:block/crimson_grapevine_leaves"},
            {"model": "nethervinery:block/crimson_grapevine_leaves", "y": 90},
            {"model": "nethervinery:block/crimson_grapevine_leaves", "x": 90},
            {"model": "nethervinery:block/crimson_grapevine_leaves", "x": 90, "y": 90 },
            {"model": "nethervinery:block/crimson_grapevine_leaves2"},
            {"model": "nethervinery:block/crimson_grapevine_leaves2", "y": 90},
            {"model": "nethervinery:block/crimson_grapevine_leaves2", "x": 90},
            {"model": "nethervinery:block/crimson_grapevine_leaves2", "x": 90, "y": 90 },
            {"model": "nethervinery:block/crimson_grapevine_leaves3"},
            {"model": "nethervinery:block/crimson_grapevine_leaves3", "y": 90},
            {"model": "nethervinery:block/crimson_grapevine_leaves3", "x": 90},
            {"model": "nethervinery:block/crimson_grapevine_leaves3", "x": 90, "y": 90 }
        ]
    },
        {"when": { "age": "2", "grape": "crimson" },
        "apply": [
            {"model": "nethervinery:block/crimson_grapevine_leaves_flowering"},
            {"model": "nethervinery:block/crimson_grapevine_leaves_flowering", "y": 90},
            {"model": "nethervinery:block/crimson_grapevine_leaves_flowering", "x": 90},
            {"model": "nethervinery:block/crimson_grapevine_leaves_flowering", "x": 90, "y": 90 },
            {"model": "nethervinery:block/crimson_grapevine_leaves_flowering2"},
            {"model": "nethervinery:block/crimson_grapevine_leaves_flowering2", "y": 90},
            {"model": "nethervinery:block/crimson_grapevine_leaves_flowering2", "x": 90},
            {"model": "nethervinery:block/crimson_grapevine_leaves_flowering2", "x": 90, "y": 90 },
            {"model": "nethervinery:block/crimson_grapevine_leaves_flowering3"},
            {"model": "nethervinery:block/crimson_grapevine_leaves_flowering3", "y": 90},
            {"model": "nethervinery:block/crimson_grapevine_leaves_flowering3", "x": 90},
            {"model": "nethervinery:block/crimson_grapevine_leaves_flowering3", "x": 90, "y": 90 }
        ]
    },
        {"when": { "age": "3", "grape": "crimson" },
        "apply": [
            {"model": "nethervinery:block/crimson_grapevine_leaves_fruiting"},
            {"model": "nethervinery:block/crimson_grapevine_leaves_fruiting", "y": 90},
            {"model": "nethervinery:block/crimson_grapevine_leaves_fruiting", "x": 90},
            {"model": "nethervinery:block/crimson_grapevine_leaves_fruiting", "x": 90, "y": 90 },
            {"model": "nethervinery:block/crimson_grapevine_leaves_fruiting2"},
            {"model": "nethervinery:block/crimson_grapevine_leaves_fruiting2", "y": 90},
            {"model": "nethervinery:block/crimson_grapevine_leaves_fruiting2", "x": 90},
            {"model": "nethervinery:block/crimson_grapevine_leaves_fruiting2", "x": 90, "y": 90 },
            {"model": "nethervinery:block/crimson_grapevine_leaves_fruiting3"},
            {"model": "nethervinery:block/crimson_grapevine_leaves_fruiting3", "y": 90},
            {"model": "nethervinery:block/crimson_grapevine_leaves_fruiting3", "x": 90},
            {"model": "nethervinery:block/crimson_grapevine_leaves_fruiting3", "x": 90, "y": 90 }
        ]
    },
        {"when": { "age": "4", "grape": "crimson" },
        "apply": [
            {"model": "nethervinery:block/crimson_grapevine_leaves_ripe"},
            {"model": "nethervinery:block/crimson_grapevine_leaves_ripe", "y": 90},
            {"model": "nethervinery:block/crimson_grapevine_leaves_ripe", "x": 90},
            {"model": "nethervinery:block/crimson_grapevine_leaves_ripe", "x": 90, "y": 90 },
            {"model": "nethervinery:block/crimson_grapevine_leaves_ripe2"},
            {"model": "nethervinery:block/crimson_grapevine_leaves_ripe2", "y": 90},
            {"model": "nethervinery:block/crimson_grapevine_leaves_ripe2", "x": 90},
            {"model": "nethervinery:block/crimson_grapevine_leaves_ripe2", "x": 90, "y": 90 },
            {"model": "nethervinery:block/crimson_grapevine_leaves_ripe3"},
            {"model": "nethervinery:block/crimson_grapevine_leaves_ripe3", "y": 90},
            {"model": "nethervinery:block/crimson_grapevine_leaves_ripe3", "x": 90},
            {"model": "nethervinery:block/crimson_grapevine_leaves_ripe3", "x": 90, "y": 90 }
        ]
    }
    ]
}

