{
	"format_version": "1.21.6",
	"credit": "Made by Satisfy",
	"textures": {
		"1": "nethervinery:block/ghastly_grenache",
		"particle": "nethervinery:block/ghastly_grenache"
	},
	"elements": [
		{
			"from": [7, 8.2, 7],
			"to": [9, 10.2, 9],
			"rotation": {"angle": 0, "axis": "y", "origin": [6.5, 10.8, 8.5]},
			"faces": {
				"north": {"uv": [12, 1, 14, 3], "texture": "#1"},
				"east": {"uv": [12, 1, 14, 3], "texture": "#1"},
				"south": {"uv": [12, 1, 14, 3], "texture": "#1"},
				"west": {"uv": [12, 1, 14, 3], "texture": "#1"},
				"up": {"uv": [3, 11, 5, 14], "texture": "#1"},
				"down": {"uv": [3, 11, 5, 14], "texture": "#1"}
			}
		},
		{
			"from": [7, 10.2, 7],
			"to": [9, 11.2, 9],
			"rotation": {"angle": 0, "axis": "y", "origin": [7.5, 10.8, 8.5]},
			"faces": {
				"north": {"uv": [8, 2, 10, 3], "texture": "#1"},
				"east": {"uv": [8, 3, 10, 4], "texture": "#1"},
				"south": {"uv": [8, 1, 10, 2], "texture": "#1"},
				"west": {"uv": [10, 1, 8, 0], "texture": "#1"},
				"up": {"uv": [8, 1, 10, 3], "texture": "#1"},
				"down": {"uv": [5.5, 6, 5, 6.5], "texture": "#1"}
			}
		},
		{
			"from": [5, 0, 5],
			"to": [11, 8.2, 11],
			"rotation": {"angle": 0, "axis": "y", "origin": [11.5, 7.65, 2.5]},
			"faces": {
				"north": {"uv": [2, 0, 6, 8], "texture": "#1"},
				"east": {"uv": [2, 0, 6, 8], "texture": "#1"},
				"south": {"uv": [2, 0, 6, 8], "texture": "#1"},
				"west": {"uv": [1, 0, 7, 8], "texture": "#1"},
				"up": {"uv": [7, 13, 1, 7], "texture": "#1"},
				"down": {"uv": [7, 13, 1, 7], "texture": "#1"}
			}
		},
		{
			"from": [4.5, 0.9, 4.5],
			"to": [11.5, 7.3, 11.5],
			"rotation": {"angle": 0, "axis": "y", "origin": [6.5, 7.65, 2.5]},
			"faces": {
				"north": {"uv": [1, 1, 7, 7], "texture": "#1"},
				"east": {"uv": [1, 1, 7, 7], "texture": "#1"},
				"south": {"uv": [1, 1, 7, 7], "texture": "#1"},
				"west": {"uv": [0, 1, 8, 7], "texture": "#1"},
				"up": {"uv": [1, 1, 7, 7], "texture": "#1"},
				"down": {"uv": [1, 1, 7, 7], "texture": "#1"}
			}
		},
		{
			"from": [4.625, 1.08, 4.625],
			"to": [11.375, 6.58, 11.375],
			"rotation": {"angle": 0, "axis": "y", "origin": [6.045, 7.65, 8.045]},
			"faces": {
				"north": {"uv": [8, 10, 15, 16], "texture": "#1", "tintindex": 0},
				"east": {"uv": [9, 10, 16, 16], "texture": "#1", "tintindex": 0},
				"south": {"uv": [8, 10, 15, 16], "texture": "#1", "tintindex": 0},
				"west": {"uv": [9, 10, 16, 16], "texture": "#1", "tintindex": 0},
				"up": {"uv": [9, 10, 15, 16], "texture": "#1", "tintindex": 0},
				"down": {"uv": [8, 4, 14, 10], "texture": "#1", "tintindex": 0}
			}
		}
	],
	"gui_light": "front",
	"display": {
		"thirdperson_righthand": {
			"rotation": [29.2, -6.39, 8.02],
			"translation": [-0.75, 2.5, 1.25],
			"scale": [0.7, 0.7, 0.7]
		},
		"thirdperson_lefthand": {
			"rotation": [29.2, -6.39, 8.02],
			"translation": [-0.75, 2.5, 1.25],
			"scale": [0.7, 0.7, 0.7]
		},
		"firstperson_righthand": {
			"rotation": [-5.82, 5.67, 17.77],
			"translation": [-0.5, 4.75, 1.5],
			"scale": [0.6, 0.6, 0.6]
		},
		"firstperson_lefthand": {
			"rotation": [-11.65, 3.01, 18.09],
			"translation": [-0.5, 4.75, 1.5],
			"scale": [0.6, 0.6, 0.6]
		},
		"ground": {
			"rotation": [-8.53, -1.45, 19.3],
			"translation": [-2, 1, -1],
			"scale": [0.6, 0.6, 0.6]
		},
		"gui": {
			"rotation": [-180, 26, -180],
			"translation": [-0.25, 4.5, 0]
		},
		"head": {
			"rotation": [0, 0, 90],
			"translation": [-9.75, 0, 0]
		},
		"fixed": {
			"rotation": [-90, 0, 0],
			"translation": [3.75, 3.75, -12]
		}
	},
	"groups": [
		{
			"name": "normalsign",
			"origin": [-0.2, 0, 0.8],
			"color": 0,
			"children": [0, 1, 2, 3, 4]
		}
	]
}