{
    "variants": {
        "": [
          {"model": "vinery:block/grapevine_leaves"},
          {"model": "vinery:block/grapevine_leaves2"},
          {"model": "vinery:block/grapevine_leaves3"},
          {"model": "vinery:block/grapevine_leaves", "x":90},
          {"model": "vinery:block/grapevine_leaves2", "x":90},
          {"model": "vinery:block/grapevine_leaves3", "x":90},
          {"model": "vinery:block/grapevine_leaves", "y":90},
          {"model": "vinery:block/grapevine_leaves2", "y":90},
          {"model": "vinery:block/grapevine_leaves3", "y":90},
          {"model": "vinery:block/grapevine_leaves", "x":90, "y":90},
          {"model": "vinery:block/grapevine_leaves2", "x":90, "y":90},
          {"model": "vinery:block/grapevine_leaves3", "x":90, "y":90}
        ]
    }
}