{
	"format_version": "1.21.6",
	"credit": "Made by Satisfy",
	"textures": {
		"0": "farm_and_charm:block/roaster_bottom",
		"1": "farm_and_charm:block/roaster_parts",
		"2": "farm_and_charm:block/roaster_side",
		"particle": "farm_and_charm:block/roaster_bottom"
	},
	"elements": [
		{
			"name": "lid",
			"from": [3, 6, 4],
			"to": [13, 7, 12],
			"rotation": {"angle": 0, "axis": "y", "origin": [3, 0, 4]},
			"faces": {
				"north": {"uv": [6, 8, 16, 9], "texture": "#1"},
				"east": {"uv": [15, 8, 16, 16], "rotation": 90, "texture": "#1"},
				"south": {"uv": [6, 8, 16, 9], "texture": "#1"},
				"west": {"uv": [6, 8, 7, 16], "rotation": 90, "texture": "#1"},
				"up": {"uv": [16, 16, 6, 8], "texture": "#1"}
			}
		},
		{
			"name": "lid_top",
			"from": [7, 7, 7],
			"to": [9, 8, 9],
			"rotation": {"angle": 0, "axis": "y", "origin": [7, 0, 7]},
			"faces": {
				"north": {"uv": [12, 7, 14, 8], "texture": "#1"},
				"east": {"uv": [14, 7, 16, 8], "texture": "#1"},
				"south": {"uv": [8, 7, 10, 8], "texture": "#1"},
				"west": {"uv": [10, 7, 12, 8], "texture": "#1"},
				"up": {"uv": [10, 11, 12, 13], "texture": "#1"},
				"down": {"uv": [1, 6.5, 0.5, 7], "texture": "#missing"}
			}
		},
		{
			"name": "handle_right",
			"from": [0, 3, 5],
			"to": [2, 5, 11],
			"faces": {
				"north": {"uv": [4, 12, 6, 14], "texture": "#1"},
				"south": {"uv": [6, 12, 4, 14], "texture": "#1"},
				"west": {"uv": [6, 14, 0, 16], "texture": "#1"},
				"up": {"uv": [2, 8, 0, 14], "texture": "#1"},
				"down": {"uv": [4, 8, 2, 14], "texture": "#1"}
			}
		},
		{
			"name": "bottom",
			"from": [2, 0, 3],
			"to": [14, 6, 13],
			"rotation": {"angle": 0, "axis": "y", "origin": [2, 0, 3]},
			"faces": {
				"north": {"uv": [2, 8, 14, 14], "texture": "#2"},
				"east": {"uv": [3, 2, 13, 8], "texture": "#2"},
				"south": {"uv": [2, 8, 14, 14], "texture": "#2"},
				"west": {"uv": [3, 2, 13, 8], "texture": "#2"},
				"up": {"uv": [2, 3, 14, 13], "texture": "#0"},
				"down": {"uv": [2, 3, 14, 13], "texture": "#0"}
			}
		},
		{
			"name": "handle_left",
			"from": [14, 3, 5],
			"to": [16, 5, 11],
			"faces": {
				"north": {"uv": [6, 12, 4, 14], "texture": "#1"},
				"east": {"uv": [0, 14, 6, 16], "texture": "#1"},
				"south": {"uv": [4, 12, 6, 14], "texture": "#1"},
				"up": {"uv": [0, 8, 2, 14], "texture": "#1"},
				"down": {"uv": [2, 8, 4, 14], "texture": "#1"}
			}
		}
	],
	"display": {
		"thirdperson_righthand": {
			"rotation": [19, 0, 0],
			"translation": [0, 4.25, 0.25],
			"scale": [0.5, 0.5, 0.5]
		},
		"thirdperson_lefthand": {
			"rotation": [19, 0, 0],
			"translation": [0, 4.25, 0.25],
			"scale": [0.5, 0.5, 0.5]
		},
		"firstperson_righthand": {
			"translation": [0.5, 3.5, -2.5],
			"scale": [0.7, 0.7, 0.7]
		},
		"firstperson_lefthand": {
			"translation": [0.5, 3.5, -2.5],
			"scale": [0.7, 0.7, 0.7]
		},
		"ground": {
			"translation": [0, 4.25, 0]
		},
		"head": {
			"translation": [0, 14.5, 0]
		}
	}
}