{
    "multipart": [
        {   "apply": { "model": "biomeswevegone:block/florus_fence_post" }},
        {   "when": { "north": "true" },
            "apply": { "model": "biomeswevegone:block/florus_fence_side" }
        },
        {   "when": { "east": "true" },
            "apply": { "model": "biomeswevegone:block/florus_fence_side", "y": 90 }
        },
        {   "when": { "south": "true" },
            "apply": { "model": "biomeswevegone:block/florus_fence_side", "y": 180 }
        },
        {   "when": { "west": "true" },
            "apply": { "model": "biomeswevegone:block/florus_fence_side", "y": 270 }
        }
    ]
}