{
	"format_version": "1.21.6",
	"credit": "Made by Satisfy",
	"textures": {
		"1": "candlelight:block/bowl",
		"particle": "candlelight:block/bowl"
	},
	"elements": [
		{
			"from": [4, 0, 2],
			"to": [5, 3, 12],
			"faces": {
				"north": {"uv": [0, 13, 1, 16], "texture": "#1"},
				"east": {"uv": [0, 13, 10, 16], "texture": "#1"},
				"south": {"uv": [9, 13, 10, 16], "texture": "#1"},
				"west": {"uv": [0, 13, 10, 16], "texture": "#1"},
				"up": {"uv": [0, 13, 10, 14], "rotation": 90, "texture": "#1"},
				"down": {"uv": [0, 15, 10, 16], "rotation": 90, "texture": "#1"}
			}
		},
		{
			"from": [13, 0, 2],
			"to": [14, 3, 12],
			"faces": {
				"north": {"uv": [0, 13, 1, 16], "texture": "#1"},
				"east": {"uv": [0, 13, 10, 16], "texture": "#1"},
				"south": {"uv": [9, 13, 10, 16], "texture": "#1"},
				"west": {"uv": [0, 13, 10, 16], "texture": "#1"},
				"up": {"uv": [0, 13, 10, 14], "rotation": 90, "texture": "#1"},
				"down": {"uv": [0, 15, 10, 16], "rotation": 90, "texture": "#1"}
			}
		},
		{
			"from": [5, 0, 2],
			"to": [13, 3, 3],
			"faces": {
				"north": {"uv": [1, 13, 9, 16], "texture": "#1"},
				"east": {"uv": [0, 0, 1, 3], "texture": "#1"},
				"south": {"uv": [1, 13, 10, 16], "texture": "#1"},
				"up": {"uv": [1, 13, 9, 14], "texture": "#1"},
				"down": {"uv": [1, 9, 9, 10], "texture": "#1"}
			}
		},
		{
			"from": [5, 0, 11],
			"to": [13, 3, 12],
			"faces": {
				"north": {"uv": [1, 13, 9, 16], "texture": "#1"},
				"east": {"uv": [0, 0, 1, 3], "texture": "#1"},
				"south": {"uv": [1, 13, 10, 16], "texture": "#1"},
				"up": {"uv": [1, 13, 9, 14], "texture": "#1"},
				"down": {"uv": [1, 9, 9, 10], "texture": "#1"}
			}
		},
		{
			"from": [5, 0, 3],
			"to": [13, 1, 11],
			"faces": {
				"up": {"uv": [1, 1, 9, 9], "texture": "#1"},
				"down": {"uv": [1, 1, 9, 9], "texture": "#1"}
			}
		},
		{
			"from": [14, 3, 5],
			"to": [16, 3, 9],
			"rotation": {"angle": 0, "axis": "y", "origin": [8, 0, 24]},
			"faces": {
				"up": {"uv": [10, 7, 12, 3], "texture": "#1"},
				"down": {"uv": [11, 7, 13, 3], "texture": "#1"}
			}
		},
		{
			"from": [2, 3, 5],
			"to": [4, 3, 9],
			"rotation": {"angle": 0, "axis": "y", "origin": [8, 0, 24]},
			"faces": {
				"up": {"uv": [10, 7, 12, 3], "rotation": 180, "texture": "#1"},
				"down": {"uv": [11, 7, 13, 3], "rotation": 180, "texture": "#1"}
			}
		}
	],
	"display": {
		"thirdperson_righthand": {
			"rotation": [26, 0, 0],
			"translation": [-0.5, 5.5, 2],
			"scale": [0.7, 0.7, 0.7]
		},
		"thirdperson_lefthand": {
			"rotation": [26, 0, 0],
			"translation": [0.75, 5.5, 2],
			"scale": [0.7, 0.7, 0.7]
		},
		"firstperson_righthand": {
			"translation": [-0.87, 6.45, -0.87]
		},
		"firstperson_lefthand": {
			"translation": [-0.87, 6.45, -0.87]
		},
		"ground": {
			"translation": [0, 2, 0],
			"scale": [0.53516, 0.53516, 0.53516]
		},
		"gui": {
			"rotation": [41, 171, 0],
			"translation": [0, 3, 0],
			"scale": [0.67773, 0.67773, 0.67773]
		},
		"head": {
			"translation": [0, -14.25, 0],
			"scale": [2.26781, 2.26781, 2.26781]
		},
		"fixed": {
			"rotation": [-90, 0, 0],
			"translation": [0, 0, -15.25],
			"scale": [1.95703, 1.95703, 1.95703]
		}
	}
}