{
	"format_version": "1.21.6",
	"credit": "Made by Satisfy",
	"textures": {
		"3": "candlelight:block/gloche"
	},
	"elements": [
		{
			"from": [3.95, -0.05, 0.95],
			"to": [15.05, 5.05, 12.05],
			"faces": {
				"north": {"uv": [0, 11, 11, 16], "texture": "#3"},
				"east": {"uv": [0, 11, 11, 16], "texture": "#3"},
				"south": {"uv": [0, 11, 11, 16], "texture": "#3"},
				"west": {"uv": [0, 11, 11, 16], "texture": "#3"},
				"up": {"uv": [0, 0, 11, 11], "texture": "#3"}
			}
		},
		{
			"from": [8, 5, 5],
			"to": [11, 6, 8],
			"rotation": {"angle": 0, "axis": "y", "origin": [1.5, 0, 0]},
			"faces": {
				"north": {"uv": [14, 0, 11, 1], "texture": "#3"},
				"east": {"uv": [13, 0, 14, 3], "rotation": 90, "texture": "#3"},
				"south": {"uv": [11, 2, 14, 3], "texture": "#3"},
				"west": {"uv": [11, 0, 12, 3], "rotation": 90, "texture": "#3"},
				"up": {"uv": [11, 0, 14, 3], "texture": "#3"},
				"down": {"uv": [0, 0, 3, 3], "texture": "#missing"}
			}
		}
	],
	"display": {
		"thirdperson_righthand": {
			"rotation": [51, 0, 0],
			"translation": [-0.75, 3.75, 2.5],
			"scale": [0.6, 0.6, 0.6]
		},
		"thirdperson_lefthand": {
			"rotation": [51, 0, 0],
			"translation": [0.75, 3.75, 2.5],
			"scale": [0.6, 0.6, 0.6]
		},
		"firstperson_righthand": {
			"translation": [-1.62, 4.95, -0.87],
			"scale": [0.7, 0.7, 0.7]
		},
		"firstperson_lefthand": {
			"translation": [0.38, 4.95, -0.87],
			"scale": [0.7, 0.7, 0.7]
		},
		"ground": {
			"translation": [0, 2, 0],
			"scale": [0.53516, 0.53516, 0.53516]
		},
		"gui": {
			"rotation": [41, 171, 0],
			"translation": [0, 3, 0],
			"scale": [0.67773, 0.67773, 0.67773]
		},
		"head": {
			"translation": [0, -14.25, 0],
			"scale": [2.26781, 2.26781, 2.26781]
		},
		"fixed": {
			"rotation": [-90, 0, 0],
			"translation": [0, 0, -15.25],
			"scale": [1.95703, 1.95703, 1.95703]
		}
	}
}