{
	"format_version": "1.21.6",
	"credit": "Made with Blockbench",
	"ambientocclusion": false,
	"textures": {
		"3": "candlelight:block/cooking_pan",
		"particle": "candlelight:block/cooking_pan"
	},
	"elements": [
		{
			"name": "bottom",
			"from": [3, 0, 3],
			"to": [13, 1, 13],
			"rotation": {"angle": 0, "axis": "y", "origin": [-1, 0, -1]},
			"faces": {
				"north": {"uv": [6, 5, 16, 6], "texture": "#3"},
				"east": {"uv": [6, 5, 16, 6], "texture": "#3"},
				"south": {"uv": [6, 5, 16, 6], "texture": "#3"},
				"west": {"uv": [6, 5, 16, 6], "texture": "#3"},
				"up": {"uv": [6, 6, 16, 16], "texture": "#3"},
				"down": {"uv": [6, 6, 16, 16], "texture": "#3"}
			}
		},
		{
			"name": "side south",
			"from": [4, 1, 12],
			"to": [12, 4, 13],
			"faces": {
				"north": {"uv": [7, 2, 15, 5], "texture": "#3"},
				"east": {"uv": [14, 0, 15, 3], "texture": "#3"},
				"south": {"uv": [7, 2, 15, 5], "texture": "#3"},
				"west": {"uv": [1, 0, 2, 3], "texture": "#3"},
				"up": {"uv": [7, 1, 15, 2], "texture": "#3"}
			}
		},
		{
			"name": "side south",
			"from": [4, 1, 3],
			"to": [12, 4, 4],
			"faces": {
				"north": {"uv": [7, 2, 15, 5], "texture": "#3"},
				"east": {"uv": [14, 0, 15, 3], "texture": "#3"},
				"south": {"uv": [7, 2, 15, 5], "texture": "#3"},
				"west": {"uv": [1, 0, 2, 3], "texture": "#3"},
				"up": {"uv": [7, 1, 15, 2], "texture": "#3"}
			}
		},
		{
			"name": "side east",
			"from": [12, 1, 3],
			"to": [13, 4, 13],
			"faces": {
				"north": {"uv": [6, 2, 7, 5], "texture": "#3"},
				"east": {"uv": [16, 2, 6, 5], "texture": "#3"},
				"south": {"uv": [15, 2, 16, 5], "texture": "#3"},
				"west": {"uv": [16, 2, 6, 5], "texture": "#3"},
				"up": {"uv": [6, 1, 16, 2], "rotation": 90, "texture": "#3"}
			}
		},
		{
			"name": "side east",
			"from": [3, 1, 3],
			"to": [4, 4, 13],
			"faces": {
				"north": {"uv": [15, 2, 16, 5], "texture": "#3"},
				"east": {"uv": [16, 2, 6, 5], "texture": "#3"},
				"south": {"uv": [6, 2, 7, 5], "texture": "#3"},
				"west": {"uv": [16, 2, 6, 5], "texture": "#3"},
				"up": {"uv": [6, 1, 16, 2], "rotation": 90, "texture": "#3"}
			}
		},
		{
			"name": "handle",
			"from": [-5, 1, 7],
			"to": [3, 3, 9],
			"faces": {
				"north": {"uv": [2, 7, 4, 15], "rotation": 90, "texture": "#3"},
				"east": {"uv": [4, 6, 6, 13], "rotation": 90, "texture": "#3"},
				"south": {"uv": [4, 6, 2, 14], "rotation": 90, "texture": "#3"},
				"west": {"uv": [0, 0, 2, 2], "rotation": 90, "texture": "#3"},
				"up": {"uv": [2, 6, 4, 14], "rotation": 90, "texture": "#3"},
				"down": {"uv": [2, 6, 4, 14], "rotation": 90, "texture": "#3"}
			}
		}
	],
	"display": {
		"thirdperson_righthand": {
			"rotation": [2.85, -0.62, 91.23],
			"translation": [-4.5, 7.25, 1.25],
			"scale": [0.7, 0.7, 0.7]
		},
		"thirdperson_lefthand": {
			"rotation": [90, -90, 0],
			"translation": [-0.75, 6.25, 5.25],
			"scale": [0.7, 0.7, 0.7]
		},
		"firstperson_righthand": {
			"rotation": [-21, 8, 90],
			"translation": [-6.5, 6.25, 1.75],
			"scale": [0.7, 0.7, 0.7]
		},
		"firstperson_lefthand": {
			"rotation": [0, -90, 0],
			"translation": [-1.5, 7, -1],
			"scale": [0.7, 0.7, 0.7]
		},
		"head": {
			"translation": [0, 15.25, 0]
		}
	},
	"groups": [
		{
			"name": "pan",
			"origin": [8, 8, 8],
			"color": 0,
			"children": [0, 1, 2, 3, 4]
		},
		5
	]
}