{
	"format_version": "1.21.6",
	"credit": "Made by Satisfy",
	"textures": {
		"1": "candlelight:block/plate",
		"particle": "candlelight:block/plate"
	},
	"elements": [
		{
			"from": [4, 0, 1],
			"to": [15, 1, 12],
			"faces": {
				"north": {"uv": [0, 10, 11, 11], "texture": "#1"},
				"east": {"uv": [10, 0, 11, 11], "rotation": 90, "texture": "#1"},
				"south": {"uv": [0, 0, 11, 1], "texture": "#1"},
				"west": {"uv": [0, 0, 1, 11], "rotation": 90, "texture": "#1"},
				"up": {"uv": [0, 0, 11, 11], "texture": "#1"},
				"down": {"uv": [0, 0, 11, 11], "texture": "#1"}
			}
		}
	],
	"display": {
		"thirdperson_righthand": {
			"rotation": [28, 0, 0],
			"translation": [-0.75, 4.25, 1.5],
			"scale": [0.51875, 0.51875, 0.51875]
		},
		"thirdperson_lefthand": {
			"rotation": [28, 0, 0],
			"translation": [0.75, 4.25, 1.5],
			"scale": [0.51875, 0.51875, 0.51875]
		},
		"firstperson_righthand": {
			"translation": [-2.25, 6.25, 1],
			"scale": [0.7, 0.7, 0.7]
		},
		"firstperson_lefthand": {
			"translation": [0, 6.25, 1],
			"scale": [0.7, 0.7, 0.7]
		},
		"ground": {
			"translation": [0, 2, 0],
			"scale": [0.53516, 0.53516, 0.53516]
		},
		"gui": {
			"rotation": [41, 171, 0],
			"translation": [0, 3, 0],
			"scale": [0.67773, 0.67773, 0.67773]
		},
		"head": {
			"translation": [0, -14.25, 0],
			"scale": [2.26781, 2.26781, 2.26781]
		},
		"fixed": {
			"rotation": [-90, 0, 0],
			"translation": [0, 0, -15.25],
			"scale": [1.95703, 1.95703, 1.95703]
		}
	}
}