{
	"format_version": "1.21.11",
	"credit": "Made by Satisfy",
	"textures": {
		"0": "candlelight:block/table_card",
		"particle": "candlelight:block/table_card"
	},
	"elements": [
		{
			"from": [3, -4, 11.43072],
			"to": [13, 7, 11.43072],
			"rotation": {"angle": -22.5, "axis": "x", "origin": [0, 0, 1.43072]},
			"faces": {
				"north": {"uv": [4, 5, 13, 16], "texture": "#0"},
				"east": {"uv": [0, 0, 0, 11], "texture": "#0"},
				"south": {"uv": [3, 5, 13, 16], "texture": "#0"},
				"west": {"uv": [0, 0, 0, 11], "texture": "#0"},
				"up": {"uv": [0, 0, 9, 0], "texture": "#0"},
				"down": {"uv": [0, 0, 9, 0], "texture": "#0"}
			}
		},
		{
			"from": [3, 1, 3.58072],
			"to": [13, 12, 3.58072],
			"rotation": {"angle": 22.5, "axis": "x", "origin": [0, 0, 1.43072]},
			"faces": {
				"north": {"uv": [3, 5, 13, 16], "texture": "#0"},
				"east": {"uv": [0, 0, 0, 11], "texture": "#0"},
				"south": {"uv": [4, 5, 13, 16], "texture": "#0"},
				"west": {"uv": [0, 0, 0, 11], "texture": "#0"},
				"up": {"uv": [0, 0, 9, 0], "texture": "#0"},
				"down": {"uv": [0, 0, 9, 0], "texture": "#0"}
			}
		}
	],
	"display": {
		"thirdperson_righthand": {
			"translation": [0, 3.75, -0.5],
			"scale": [0.5, 0.5, 0.5]
		},
		"thirdperson_lefthand": {
			"translation": [0, 3.75, -0.5],
			"scale": [0.5, 0.5, 0.5]
		},
		"firstperson_righthand": {
			"rotation": [0, -56, 0],
			"translation": [0, 4.25, 0],
			"scale": [0.6, 0.6, 0.6]
		},
		"firstperson_lefthand": {
			"rotation": [0, -56, 0],
			"translation": [0, 4.25, 0],
			"scale": [0.6, 0.6, 0.6]
		}
	}
}