{
	"format_version": "1.21.11",
	"credit": "Made by Satisfy",
	"textures": {
		"1": "beachparty:block/palm_cabinet_top",
		"2": "beachparty:block/beach_goal_net",
		"particle": "beachparty:block/palm_cabinet_top"
	},
	"elements": [
		{
			"from": [1, 0, 3],
			"to": [3, 10, 5],
			"rotation": {"angle": 0, "axis": "y", "origin": [1, 0, 3]},
			"faces": {
				"north": {"uv": [0, 5, 2, 15], "texture": "#1"},
				"east": {"uv": [2, 5, 0, 15], "texture": "#1"},
				"south": {"uv": [2, 5, 0, 15], "texture": "#1"},
				"west": {"uv": [0, 5, 2, 15], "texture": "#1"},
				"down": {"uv": [0, 14, 2, 16], "texture": "#1"}
			}
		},
		{
			"from": [13, 0, 3],
			"to": [15, 10, 5],
			"rotation": {"angle": 0, "axis": "y", "origin": [13, 0, 3]},
			"faces": {
				"north": {"uv": [2, 5, 0, 15], "texture": "#1"},
				"east": {"uv": [2, 5, 0, 15], "texture": "#1"},
				"south": {"uv": [0, 5, 2, 15], "texture": "#1"},
				"west": {"uv": [0, 5, 2, 15], "texture": "#1"},
				"down": {"uv": [0, 0, 2, 2], "rotation": 180, "texture": "#1"}
			}
		},
		{
			"from": [1, 10, 3],
			"to": [15, 12, 5],
			"rotation": {"angle": 0, "axis": "y", "origin": [1, 10, 3]},
			"faces": {
				"north": {"uv": [1, 14, 15, 16], "texture": "#1"},
				"east": {"uv": [0, 3, 2, 5], "texture": "#1"},
				"south": {"uv": [1, 2, 15, 4], "texture": "#1"},
				"west": {"uv": [0, 3, 2, 5], "texture": "#1"},
				"up": {"uv": [1, 1, 15, 3], "texture": "#1"},
				"down": {"uv": [2, 14, 16, 16], "texture": "#1"}
			}
		},
		{
			"from": [1, 0, 11],
			"to": [15, 2, 13],
			"rotation": {"angle": 0, "axis": "y", "origin": [1, 0, 11]},
			"faces": {
				"north": {"uv": [1, 14, 15, 16], "texture": "#1"},
				"east": {"uv": [4, 14, 6, 16], "texture": "#1"},
				"south": {"uv": [1, 14, 15, 16], "texture": "#1"},
				"west": {"uv": [7, 14, 9, 16], "texture": "#1"},
				"up": {"uv": [1, 14, 15, 16], "texture": "#1"},
				"down": {"uv": [0, 0, 14, 2], "texture": "#1"}
			}
		},
		{
			"from": [1, 0, 5],
			"to": [3, 2, 11],
			"rotation": {"angle": 0, "axis": "y", "origin": [1, 0, 5]},
			"faces": {
				"east": {"uv": [6, 14, 12, 16], "texture": "#1"},
				"west": {"uv": [1, 14, 7, 16], "texture": "#1"},
				"up": {"uv": [0, 0, 2, 6], "texture": "#1"},
				"down": {"uv": [0, 1, 2, 7], "texture": "#1"}
			}
		},
		{
			"from": [13, 0, 5],
			"to": [15, 2, 11],
			"rotation": {"angle": 0, "axis": "y", "origin": [13, 0, 5]},
			"faces": {
				"east": {"uv": [6, 14, 12, 16], "texture": "#1"},
				"west": {"uv": [1, 14, 7, 16], "texture": "#1"},
				"up": {"uv": [14, 0, 16, 6], "texture": "#1"},
				"down": {"uv": [14, 1, 16, 7], "texture": "#1"}
			}
		},
		{
			"from": [2, 2, 5],
			"to": [14, 11, 12],
			"rotation": {"angle": 0, "axis": "y", "origin": [2, 2, 5]},
			"faces": {
				"east": {"uv": [2, 3, 9, 12], "texture": "#2"},
				"south": {"uv": [2, 3, 14, 12], "texture": "#2"},
				"west": {"uv": [3, 3, 10, 12], "texture": "#2"},
				"up": {"uv": [2, 5, 14, 12], "texture": "#2"}
			}
		},
		{
			"from": [14, 2, 5],
			"to": [2, 11, 12],
			"rotation": {"angle": 0, "axis": "y", "origin": [14, 2, 5]},
			"faces": {
				"east": {"uv": [2, 3, 9, 12], "texture": "#2"},
				"south": {"uv": [2, 3, 14, 12], "texture": "#2"},
				"west": {"uv": [3, 3, 10, 12], "texture": "#2"},
				"up": {"uv": [2, 5, 14, 12], "texture": "#2"}
			}
		}
	],
	"display": {
		"thirdperson_righthand": {
			"rotation": [19.75, 0, 0],
			"translation": [0, 3.5, 0.5],
			"scale": [0.5, 0.5, 0.5]
		},
		"thirdperson_lefthand": {
			"rotation": [19.75, 0, 0],
			"translation": [0, 3.5, 0.5],
			"scale": [0.5, 0.5, 0.5]
		},
		"firstperson_righthand": {
			"rotation": [-180, 58.75, -180],
			"translation": [0, 3.25, 0],
			"scale": [0.5, 0.5, 0.5]
		},
		"firstperson_lefthand": {
			"rotation": [-180, 58.75, -180],
			"translation": [0, 3.25, 0],
			"scale": [0.5, 0.5, 0.5]
		}
	}
}