{
	"format_version": "1.21.6",
	"credit": "Made with Blockbench",
	"textures": {
		"2": "beachparty:block/cocoa_cocktail",
		"particle": "beachparty:block/cocoa_cocktail"
	},
	"elements": [
		{
			"from": [5, 6, 5],
			"to": [11, 12, 11],
			"faces": {
				"north": {"uv": [0, 0, 6, 6], "texture": "#2"},
				"east": {"uv": [0, 0, 6, 6], "texture": "#2"},
				"south": {"uv": [0, 0, 6, 6], "texture": "#2"},
				"west": {"uv": [0, 0, 6, 6], "texture": "#2"},
				"up": {"uv": [6, 0, 12, 6], "texture": "#2"},
				"down": {"uv": [6, 0, 12, 6], "texture": "#2"}
			}
		},
		{
			"from": [11, 6, 5],
			"to": [5, 12, 11],
			"rotation": {"angle": 0, "axis": "y", "origin": [6, 0, 0]},
			"faces": {
				"north": {"uv": [0, 0, 6, 6], "texture": "#2"},
				"east": {"uv": [0, 0, 6, 6], "texture": "#2"},
				"south": {"uv": [0, 0, 6, 6], "texture": "#2"},
				"west": {"uv": [0, 0, 6, 6], "texture": "#2"},
				"up": {"uv": [6, 0, 12, 6], "texture": "#2"},
				"down": {"uv": [6, 0, 12, 6], "texture": "#2"}
			}
		},
		{
			"from": [7, 1, 7],
			"to": [9, 6, 9],
			"faces": {
				"north": {"uv": [2, 6, 4, 11], "texture": "#2"},
				"east": {"uv": [2, 6, 4, 11], "texture": "#2"},
				"south": {"uv": [2, 6, 4, 11], "texture": "#2"},
				"west": {"uv": [2, 6, 4, 11], "texture": "#2"}
			}
		},
		{
			"from": [6, 0, 6],
			"to": [10, 1, 10],
			"faces": {
				"north": {"uv": [1, 11, 5, 12], "texture": "#2"},
				"east": {"uv": [1, 11, 5, 12], "texture": "#2"},
				"south": {"uv": [1, 11, 5, 12], "texture": "#2"},
				"west": {"uv": [1, 11, 5, 12], "texture": "#2"},
				"up": {"uv": [12, 0, 16, 4], "texture": "#2"},
				"down": {"uv": [12, 0, 16, 4], "texture": "#2"}
			}
		},
		{
			"from": [5.5, 6.05, 5.5],
			"to": [10.5, 11.05, 10.5],
			"rotation": {"angle": 0, "axis": "y", "origin": [0.25, 0, 0.25]},
			"faces": {
				"north": {"uv": [6, 6, 11, 11], "texture": "#2"},
				"east": {"uv": [6, 6, 11, 11], "texture": "#2"},
				"south": {"uv": [6, 6, 11, 11], "texture": "#2"},
				"west": {"uv": [6, 6, 11, 11], "texture": "#2"},
				"up": {"uv": [6, 6, 11, 11], "texture": "#2"},
				"down": {"uv": [6, 6, 11, 11], "texture": "#2"}
			}
		},
		{
			"from": [6.5, 11, 6.5],
			"to": [9.5, 12, 9.5],
			"rotation": {"angle": 0, "axis": "y", "origin": [6.5, 3, 6.5]},
			"faces": {
				"north": {"uv": [12, 4, 15, 5], "texture": "#2"},
				"east": {"uv": [14, 4, 15, 7], "rotation": 90, "texture": "#2"},
				"south": {"uv": [12, 6, 15, 7], "texture": "#2"},
				"west": {"uv": [12, 4, 13, 7], "rotation": 90, "texture": "#2"},
				"up": {"uv": [12, 4, 15, 7], "texture": "#2"},
				"down": {"uv": [7.5, 0, 9, 1.5], "texture": "#missing"}
			}
		}
	],
	"display": {
		"thirdperson_righthand": {
			"rotation": [28.99, -6.58, 8.2],
			"translation": [-0.25, 2, 1.25],
			"scale": [0.6, 0.6, 0.6]
		},
		"thirdperson_lefthand": {
			"rotation": [28.99, -6.58, 8.2],
			"translation": [0, 2, 1.25],
			"scale": [0.6, 0.6, 0.6]
		},
		"firstperson_righthand": {
			"rotation": [-5.72, 9.42, 17.54],
			"translation": [1.75, 0.5, 1.75]
		},
		"firstperson_lefthand": {
			"rotation": [-14.15, -1.76, 17.73],
			"translation": [1.75, 0.5, 2.75]
		},
		"ground": {
			"translation": [0, 3, 0],
			"scale": [0.7, 0.7, 0.7]
		},
		"gui": {
			"rotation": [30, 135, 0],
			"translation": [0, -0.5, 1.5],
			"scale": [0.8, 0.8, 0.8]
		},
		"head": {
			"translation": [0, 14.25, 0]
		},
		"fixed": {
			"translation": [0, -0.5, 0]
		}
	},
	"groups": [
		0,
		1,
		2,
		3,
		{
			"name": "drink",
			"origin": [0.25, 0, 0.25],
			"color": 0,
			"children": [4, 5]
		}
	]
}