{
	"format_version": "1.21.6",
	"credit": "Made with Blockbench",
	"textures": {
		"1": "beachparty:block/honey_cocktail_0",
		"2": "beachparty:block/honey_cocktail_1",
		"particle": "beachparty:block/honey_cocktail_0"
	},
	"elements": [
		{
			"from": [5, 4, 5],
			"to": [11, 13, 11],
			"faces": {
				"north": {"uv": [2, 2, 8, 11], "texture": "#1"},
				"east": {"uv": [2, 2, 8, 11], "texture": "#1"},
				"south": {"uv": [2, 2, 8, 11], "texture": "#1"},
				"west": {"uv": [2, 2, 8, 11], "texture": "#1"},
				"up": {"uv": [8, 2, 14, 8], "texture": "#1"},
				"down": {"uv": [8, 2, 14, 8], "texture": "#1"}
			}
		},
		{
			"name": "inverted",
			"from": [11, 4, 5],
			"to": [5, 13, 11],
			"rotation": {"angle": 0, "axis": "y", "origin": [6, 0, 0]},
			"faces": {
				"north": {"uv": [2, 2, 8, 11], "texture": "#1"},
				"east": {"uv": [2, 2, 8, 11], "texture": "#1"},
				"south": {"uv": [2, 2, 8, 11], "texture": "#1"},
				"west": {"uv": [2, 2, 8, 11], "texture": "#1"},
				"up": {"uv": [8, 2, 14, 8], "texture": "#1"},
				"down": {"uv": [8, 2, 14, 8], "texture": "#1"}
			}
		},
		{
			"from": [7, 1, 7],
			"to": [9, 4, 9],
			"faces": {
				"north": {"uv": [4, 11, 6, 14], "texture": "#1"},
				"east": {"uv": [4, 11, 6, 14], "texture": "#1"},
				"south": {"uv": [4, 11, 6, 14], "texture": "#1"},
				"west": {"uv": [4, 11, 6, 14], "texture": "#1"}
			}
		},
		{
			"from": [6, 0, 6],
			"to": [10, 1, 10],
			"faces": {
				"north": {"uv": [3, 14, 7, 15], "texture": "#1"},
				"east": {"uv": [3, 14, 7, 15], "texture": "#1"},
				"south": {"uv": [3, 14, 7, 15], "texture": "#1"},
				"west": {"uv": [3, 14, 7, 15], "texture": "#1"},
				"up": {"uv": [8, 8, 12, 12], "texture": "#1"},
				"down": {"uv": [8, 8, 12, 12], "texture": "#1"}
			}
		},
		{
			"from": [7, 4.25, 8],
			"to": [10, 13.25, 8],
			"rotation": {"angle": 22.5, "axis": "z", "origin": [4, 3.5, 0]},
			"faces": {
				"north": {"uv": [12, 3, 15, 12], "texture": "#2", "tintindex": 1},
				"south": {"uv": [15, 3, 12, 12], "texture": "#2", "tintindex": 1}
			}
		},
		{
			"from": [10, 11, 8.5],
			"to": [13, 15, 9.5],
			"rotation": {"angle": 22.5, "axis": "z", "origin": [11.5, 12, 8]},
			"faces": {
				"north": {"uv": [9, 11, 6, 15], "texture": "#2"},
				"east": {"uv": [8, 11, 9, 15], "texture": "#2"},
				"south": {"uv": [6, 11, 9, 15], "texture": "#2"},
				"west": {"uv": [6, 11, 7, 15], "texture": "#2"},
				"up": {"uv": [6, 11, 9, 12], "texture": "#2"},
				"down": {"uv": [6, 14, 9, 15], "texture": "#2"}
			}
		},
		{
			"from": [5.25, 4.25, 5.25],
			"to": [10.75, 10.75, 10.75],
			"faces": {
				"north": {"uv": [0, 5, 6, 12], "texture": "#2", "tintindex": 1},
				"east": {"uv": [0, 5, 6, 12], "texture": "#2", "tintindex": 1},
				"south": {"uv": [0, 5, 6, 12], "texture": "#2", "tintindex": 1},
				"west": {"uv": [0, 5, 6, 12], "texture": "#2", "tintindex": 1},
				"up": {"uv": [6, 5, 12, 11], "texture": "#2", "tintindex": 1},
				"down": {"uv": [6, 5, 12, 11], "texture": "#2", "tintindex": 1}
			}
		}
	],
	"display": {
		"thirdperson_righthand": {
			"rotation": [38, 46, -14],
			"translation": [0, 1.75, 1.75],
			"scale": [0.6, 0.6, 0.6]
		},
		"thirdperson_lefthand": {
			"rotation": [-156.5, -55, 166],
			"translation": [0, 1.5, 2.25],
			"scale": [0.6, 0.6, 0.6]
		},
		"firstperson_righthand": {
			"rotation": [-7.82, 3.98, 0.32],
			"translation": [1.25, -1, 1.75]
		},
		"firstperson_lefthand": {
			"rotation": [172.71, -6.57, 179.8],
			"translation": [1.75, -1, 2]
		},
		"ground": {
			"translation": [0, 3.25, 0],
			"scale": [0.8, 0.8, 0.8]
		},
		"gui": {
			"rotation": [30, 135, 0],
			"translation": [0, -1.25, 1.5],
			"scale": [0.68, 0.68, 0.68]
		},
		"head": {
			"translation": [0, 14.5, 0]
		}
	},
	"groups": [
		0,
		1,
		2,
		3,
		4,
		{
			"name": "drink",
			"origin": [8, 8, 8],
			"color": 0,
			"children": [5, 6]
		}
	]
}