{
	"format_version": "1.21.6",
	"credit": "Made with Blockbench",
	"textures": {
		"2": "beachparty:block/melon_cocktail",
		"particle": "beachparty:block/melon_cocktail"
	},
	"elements": [
		{
			"from": [5, 6, 5],
			"to": [11, 12, 11],
			"faces": {
				"north": {"uv": [0, 0, 6, 6], "texture": "#2"},
				"east": {"uv": [0, 0, 6, 6], "texture": "#2"},
				"south": {"uv": [0, 0, 6, 6], "texture": "#2"},
				"west": {"uv": [0, 0, 6, 6], "texture": "#2"},
				"up": {"uv": [6, 0, 12, 6], "texture": "#2"},
				"down": {"uv": [6, 0, 12, 6], "texture": "#2"}
			}
		},
		{
			"from": [11, 6, 5],
			"to": [5, 12, 11],
			"rotation": {"angle": 0, "axis": "y", "origin": [6, 0, 0]},
			"faces": {
				"north": {"uv": [0, 0, 6, 6], "texture": "#2"},
				"east": {"uv": [0, 0, 6, 6], "texture": "#2"},
				"south": {"uv": [0, 0, 6, 6], "texture": "#2"},
				"west": {"uv": [0, 0, 6, 6], "texture": "#2"},
				"up": {"uv": [6, 0, 12, 6], "texture": "#2"},
				"down": {"uv": [6, 0, 12, 6], "texture": "#2"}
			}
		},
		{
			"from": [7, 1, 7],
			"to": [9, 6, 9],
			"faces": {
				"north": {"uv": [2, 6, 4, 11], "texture": "#2"},
				"east": {"uv": [2, 6, 4, 11], "texture": "#2"},
				"south": {"uv": [2, 6, 4, 11], "texture": "#2"},
				"west": {"uv": [2, 6, 4, 11], "texture": "#2"}
			}
		},
		{
			"from": [6, 0, 6],
			"to": [10, 1, 10],
			"faces": {
				"north": {"uv": [1, 11, 5, 12], "texture": "#2"},
				"east": {"uv": [1, 11, 5, 12], "texture": "#2"},
				"south": {"uv": [1, 11, 5, 12], "texture": "#2"},
				"west": {"uv": [1, 11, 5, 12], "texture": "#2"},
				"up": {"uv": [12, 0, 16, 4], "texture": "#2"},
				"down": {"uv": [12, 0, 16, 4], "texture": "#2"}
			}
		},
		{
			"from": [2.5, 10.5, 7.5],
			"to": [6.5, 13.5, 8.5],
			"rotation": {"angle": 0, "axis": "y", "origin": [6.5, 0, 6.5]},
			"faces": {
				"north": {"uv": [12, 5, 16, 8], "texture": "#2"},
				"east": {"uv": [12, 5, 13, 8], "texture": "#2"},
				"south": {"uv": [16, 5, 12, 8], "texture": "#2"},
				"west": {"uv": [15, 5, 16, 8], "texture": "#2"},
				"up": {"uv": [16, 5, 12, 6], "texture": "#2"},
				"down": {"uv": [16, 7, 12, 8], "texture": "#2"}
			}
		},
		{
			"from": [3.5, 13.5, 7.5],
			"to": [6.5, 14.5, 8.5],
			"rotation": {"angle": 0, "axis": "y", "origin": [6.5, 0, 6.5]},
			"faces": {
				"north": {"uv": [12, 4, 15, 5], "texture": "#2"},
				"east": {"uv": [12, 4, 13, 5], "texture": "#2"},
				"south": {"uv": [15, 4, 12, 5], "texture": "#2"},
				"west": {"uv": [14, 4, 15, 5], "texture": "#2"},
				"up": {"uv": [15, 4, 12, 5], "texture": "#2"}
			}
		},
		{
			"from": [5.5, 6.05, 5.5],
			"to": [10.5, 11.05, 10.5],
			"rotation": {"angle": 0, "axis": "y", "origin": [0.25, 9, 0.25]},
			"faces": {
				"north": {"uv": [6, 6, 11, 11], "texture": "#2"},
				"east": {"uv": [6, 6, 11, 11], "texture": "#2"},
				"south": {"uv": [6, 6, 11, 11], "texture": "#2"},
				"west": {"uv": [6, 6, 11, 11], "texture": "#2"},
				"up": {"uv": [6, 6, 11, 11], "rotation": 90, "texture": "#2"},
				"down": {"uv": [6, 6, 11, 11], "texture": "#2"}
			}
		}
	],
	"display": {
		"thirdperson_righthand": {
			"rotation": [-147, 4.38, 173.63],
			"translation": [-0.25, 1.75, 1.5],
			"scale": [0.6, 0.6, 0.6]
		},
		"thirdperson_lefthand": {
			"rotation": [33.22, -6.25, 9.07],
			"translation": [-0.5, 1.75, 1.5],
			"scale": [0.6, 0.6, 0.6]
		},
		"firstperson_righthand": {
			"rotation": [173.1, -7.88, 160.09],
			"translation": [0.5, 1.25, 1.75]
		},
		"firstperson_lefthand": {
			"rotation": [-6, 7.3, 22.08],
			"translation": [1, 1.25, 1.5]
		},
		"ground": {
			"translation": [0, 3.5, 0],
			"scale": [0.8, 0.8, 0.8]
		},
		"gui": {
			"rotation": [30, 135, 0],
			"translation": [0, -1.25, 1.5],
			"scale": [0.68, 0.68, 0.68]
		},
		"head": {
			"translation": [0, 14.25, 0]
		}
	},
	"groups": [
		0,
		1,
		2,
		3,
		{
			"name": "group",
			"origin": [6.5, 0, 6.5],
			"color": 0,
			"children": [4, 5, 6]
		}
	]
}