{
	"format_version": "1.21.11",
	"credit": "Made by Satisfy",
	"textures": {
		"0": "beachparty:block/mini_fridge_front",
		"1": "beachparty:block/mini_fridge_side",
		"2": "beachparty:block/mini_fridge_top",
		"3": "beachparty:block/mini_fridge_back",
		"4": "beachparty:block/mini_fridge_bottom",
		"particle": "beachparty:block/mini_fridge_front"
	},
	"elements": [
		{
			"from": [2, 0, 1],
			"to": [14, 14, 15],
			"rotation": {"angle": 0, "axis": "y", "origin": [2, 0, 1]},
			"faces": {
				"north": {"uv": [0, 0, 12, 14], "texture": "#0"},
				"east": {"uv": [0, 0, 14, 14], "texture": "#1"},
				"south": {"uv": [0, 0, 12, 14], "texture": "#3"},
				"west": {"uv": [14, 0, 0, 14], "texture": "#1"},
				"up": {"uv": [0, 0, 12, 14], "texture": "#2"},
				"down": {"uv": [0, 0, 12, 14], "texture": "#4"}
			}
		}
	],
	"display": {
		"thirdperson_righthand": {
			"rotation": [19, 0, 0],
			"translation": [0, 4, 0],
			"scale": [0.5, 0.5, 0.5]
		},
		"thirdperson_lefthand": {
			"rotation": [19, 0, 0],
			"translation": [0, 4, 0],
			"scale": [0.5, 0.5, 0.5]
		},
		"firstperson_righthand": {
			"rotation": [-180, 59.25, -180],
			"translation": [-0.25, 2.25, 0],
			"scale": [0.5, 0.5, 0.5]
		},
		"firstperson_lefthand": {
			"rotation": [-180, 59.25, -180],
			"translation": [-0.25, 2.25, 0],
			"scale": [0.5, 0.5, 0.5]
		}
	}
}