{
	"format_version": "1.21.11",
	"credit": "Made by Satisfy",
	"textures": {
		"0": "beachparty:block/radio_1",
		"1": "beachparty:block/radio_2",
		"2": "beachparty:block/mini_fridge_back",
		"particle": "beachparty:block/radio_1"
	},
	"elements": [
		{
			"from": [2, 0, 5],
			"to": [14, 8, 11],
			"rotation": {"angle": 0, "axis": "y", "origin": [2, 0, 5]},
			"faces": {
				"north": {"uv": [2, 8, 14, 16], "texture": "#0"},
				"east": {"uv": [6, 7, 0, 15], "texture": "#1"},
				"south": {"uv": [2, 0, 14, 8], "texture": "#0"},
				"west": {"uv": [0, 7, 6, 15], "texture": "#1"},
				"up": {"uv": [0, 6, 12, 0], "texture": "#1"},
				"down": {"uv": [0, 2, 2, 3], "texture": "#1"}
			}
		},
		{
			"from": [4, 8.01, 8],
			"to": [12, 8.01, 9],
			"faces": {
				"north": {"uv": [0, 0, 8, 0], "texture": "#1"},
				"east": {"uv": [0, 0, 1, 0], "texture": "#1"},
				"south": {"uv": [0, 0, 8, 0], "texture": "#1"},
				"west": {"uv": [0, 0, 1, 0], "texture": "#1"},
				"up": {"uv": [0, 6, 8, 7], "texture": "#1"},
				"down": {"uv": [8, 6, 16, 7], "texture": "#1"}
			}
		},
		{
			"from": [3, 7, 7],
			"to": [4, 9, 8],
			"faces": {
				"north": {"uv": [10, 5, 11, 7], "texture": "#2"},
				"east": {"uv": [10, 5, 11, 7], "texture": "#2"},
				"south": {"uv": [10, 5, 11, 7], "texture": "#2"},
				"west": {"uv": [10, 5, 11, 7], "texture": "#2"},
				"up": {"uv": [10, 5, 11, 6], "texture": "#2"},
				"down": {"uv": [10, 5, 11, 6], "texture": "#2"}
			}
		},
		{
			"from": [5, 7, 7],
			"to": [6, 9, 8],
			"faces": {
				"north": {"uv": [10, 5, 11, 7], "texture": "#2"},
				"east": {"uv": [10, 5, 11, 7], "texture": "#2"},
				"south": {"uv": [10, 5, 11, 7], "texture": "#2"},
				"west": {"uv": [10, 5, 11, 7], "texture": "#2"},
				"up": {"uv": [10, 5, 11, 6], "texture": "#2"},
				"down": {"uv": [10, 5, 11, 6], "texture": "#2"}
			}
		}
	],
	"display": {
		"thirdperson_righthand": {
			"rotation": [20.5, 0, 0],
			"translation": [0, 4, 1.25],
			"scale": [0.5, 0.5, 0.5]
		},
		"thirdperson_lefthand": {
			"rotation": [20.5, 0, 0],
			"translation": [0, 4, 1.25],
			"scale": [0.5, 0.5, 0.5]
		},
		"firstperson_righthand": {
			"rotation": [0, 122, 0],
			"translation": [-0.25, 4, -0.25],
			"scale": [0.6, 0.6, 0.6]
		},
		"firstperson_lefthand": {
			"rotation": [0, 122, 0],
			"translation": [-0.25, 4, -0.25],
			"scale": [0.6, 0.6, 0.6]
		}
	}
}