{
	"format_version": "1.21.6",
	"credit": "Made by Satisfy",
	"ambientocclusion": false,
	"textures": {
		"2": "beachparty:block/sand_bucket_base",
		"particle": "beachparty:block/sand_bucket_base"
	},
	"elements": [
		{
			"from": [4, 0, 6],
			"to": [10, 8, 12],
			"rotation": {"angle": 0, "axis": "y", "origin": [-1, 0, 1]},
			"faces": {
				"north": {"uv": [0, 8, 6, 16], "texture": "#2"},
				"east": {"uv": [0, 8, 6, 16], "texture": "#2"},
				"south": {"uv": [0, 8, 6, 16], "texture": "#2"},
				"west": {"uv": [0, 8, 6, 16], "texture": "#2"},
				"up": {"uv": [0, 2, 6, 8], "texture": "#2"},
				"down": {"uv": [6, 2, 12, 8], "texture": "#2"}
			}
		},
		{
			"from": [10, 0, 6],
			"to": [4, 8, 12],
			"rotation": {"angle": 0, "axis": "y", "origin": [5, 0, 1]},
			"faces": {
				"north": {"uv": [0, 8, 6, 16], "texture": "#2"},
				"east": {"uv": [0, 8, 6, 16], "texture": "#2"},
				"south": {"uv": [0, 8, 6, 16], "texture": "#2"},
				"west": {"uv": [0, 8, 6, 16], "texture": "#2"},
				"down": {"uv": [6, 2, 12, 8], "texture": "#2"}
			}
		},
		{
			"from": [9, 0, 7],
			"to": [5, 8, 11],
			"rotation": {"angle": 0, "axis": "y", "origin": [14, 0, 2]},
			"faces": {
				"north": {"uv": [1, 8, 5, 16], "texture": "#2"},
				"east": {"uv": [1, 8, 5, 16], "texture": "#2"},
				"south": {"uv": [1, 8, 5, 16], "texture": "#2"},
				"west": {"uv": [1, 8, 5, 16], "texture": "#2"},
				"up": {"uv": [2, 3, 6, 7], "texture": "#2"}
			}
		},
		{
			"from": [2.9995, 0.5, 8.5],
			"to": [3.9995, 6.5, 9.5],
			"rotation": {"angle": 45, "axis": "x", "origin": [7, 6, 9]},
			"faces": {
				"north": {"uv": [13, 4, 14, 10], "texture": "#2"},
				"east": {"uv": [14, 4, 15, 10], "texture": "#2"},
				"south": {"uv": [13, 4, 14, 10], "texture": "#2"},
				"west": {"uv": [13, 4, 14, 10], "texture": "#2"},
				"up": {"uv": [14, 8, 15, 9], "texture": "#2"},
				"down": {"uv": [14, 9, 15, 10], "texture": "#2"}
			}
		},
		{
			"from": [10.0005, 0.5, 8.5],
			"to": [11.0005, 6.5, 9.5],
			"rotation": {"angle": 45, "axis": "x", "origin": [7, 6, 9]},
			"faces": {
				"north": {"uv": [13, 4, 14, 10], "texture": "#2"},
				"east": {"uv": [13, 4, 14, 10], "texture": "#2"},
				"south": {"uv": [13, 4, 14, 10], "texture": "#2"},
				"west": {"uv": [14, 4, 15, 10], "texture": "#2"},
				"up": {"uv": [14, 8, 15, 9], "texture": "#2"},
				"down": {"uv": [14, 9, 15, 10], "texture": "#2"}
			}
		},
		{
			"from": [4, 0.5, 8.5],
			"to": [10, 1.5, 9.5],
			"rotation": {"angle": 45, "axis": "x", "origin": [7, 6, 9]},
			"faces": {
				"north": {"uv": [13, 4, 14, 10], "rotation": 270, "texture": "#2"},
				"south": {"uv": [13, 4, 14, 10], "rotation": 270, "texture": "#2"},
				"up": {"uv": [13, 4, 14, 10], "rotation": 270, "texture": "#2"},
				"down": {"uv": [13, 4, 14, 10], "rotation": 270, "texture": "#2"}
			}
		},
		{
			"from": [6.3, -0.1, 7.5],
			"to": [7.3, 2.9, 10.5],
			"rotation": {"angle": -22.5, "axis": "z", "origin": [6.8, 3.4, 9]},
			"faces": {
				"north": {"uv": [12, 10, 13, 13], "texture": "#2"},
				"east": {"uv": [12, 10, 15, 13], "texture": "#2"},
				"south": {"uv": [12, 10, 13, 13], "texture": "#2"},
				"up": {"uv": [12, 10, 15, 11], "rotation": 270, "texture": "#2"}
			}
		},
		{
			"from": [7.3, -0.1, 7.5],
			"to": [6.3, 2.9, 10.5],
			"rotation": {"angle": -22.5, "axis": "z", "origin": [6.8, 3.4, 9]},
			"faces": {
				"north": {"uv": [12, 13, 13, 16], "texture": "#2"},
				"south": {"uv": [12, 13, 13, 16], "texture": "#2"},
				"west": {"uv": [12, 13, 15, 16], "texture": "#2"},
				"up": {"uv": [12, 13, 15, 14], "rotation": 270, "texture": "#2"}
			}
		},
		{
			"from": [6.3, 2.9, 8.5],
			"to": [7.3, 7.9, 9.5],
			"rotation": {"angle": -22.5, "axis": "z", "origin": [6.8, 3.4, 9]},
			"faces": {
				"north": {"uv": [12, 5, 13, 10], "rotation": 180, "texture": "#2"},
				"east": {"uv": [12, 5, 13, 10], "rotation": 180, "texture": "#2"},
				"south": {"uv": [12, 5, 13, 10], "rotation": 180, "texture": "#2"},
				"west": {"uv": [12, 5, 13, 10], "rotation": 180, "texture": "#2"},
				"up": {"uv": [12, 9, 13, 10], "rotation": 270, "texture": "#2"}
			}
		}
	],
	"display": {
		"thirdperson_righthand": {
			"rotation": [-129.25, -64.5, 180],
			"translation": [0.25, 3.25, 4],
			"scale": [0.6, 0.6, 0.6]
		},
		"thirdperson_lefthand": {
			"rotation": [-129.25, -64.5, -180],
			"translation": [0.25, 3.25, 4],
			"scale": [0.6, 0.6, 0.6]
		},
		"firstperson_righthand": {
			"rotation": [0, 130.25, 0],
			"translation": [0.5, 4, -1.25],
			"scale": [0.9, 0.9, 0.9]
		},
		"firstperson_lefthand": {
			"rotation": [0, 130.25, 0],
			"translation": [3.25, 4, -1.25],
			"scale": [0.9, 0.9, 0.9]
		},
		"ground": {
			"scale": [0.5, 0.5, 0.5]
		},
		"gui": {
			"rotation": [33, 145.25, 0],
			"translation": [-0.75, 2.5, 0]
		},
		"head": {
			"translation": [0.5, 14.5, -1]
		},
		"fixed": {
			"rotation": [-90, 0, 0],
			"translation": [-1.75, 2, -16],
			"scale": [2, 2, 2]
		}
	},
	"groups": [
		{
			"name": "bucket",
			"origin": [0, 0, 0],
			"color": 0,
			"children": [
				{
					"name": "Color 1",
					"origin": [8, 8, 8],
					"color": 0,
					"children": [0, 1, 2]
				},
				{
					"name": "handle",
					"origin": [8, 8, 8],
					"color": 0,
					"children": [3, 4, 5]
				},
				{
					"name": "top",
					"origin": [0, 0, 0],
					"color": 0,
					"children": []
				}
			]
		},
		{
			"name": "shovel",
			"origin": [8, 8, 8],
			"color": 0,
			"children": [6, 7, 8]
		}
	]
}