{
  "parent": "minecraft:item/generated",
  "textures": {
    "layer0": "beachparty:item/sweetberries_cocktail"
  },
  "overrides": [
    {
      "predicate": {
        "pommel:is_held": 1.0
      },
      "model": "beachparty:item/sweetberries_cocktail_hand"
    },
    {
      "predicate": {
        "pommel:is_fixed": 1.0
      },
      "model": "beachparty:item/sweetberries_cocktail_hand"
    },
    {
      "predicate": {
        "pommel:is_head": 1.0
      },
      "model": "beachparty:item/sweetberries_cocktail_hand"
    }
  ]
}