{
	"format_version": "1.21.6",
	"credit": "Made with Blockbench",
	"textures": {
		"1": "beachparty:block/sweetberries_cocktail_0",
		"2": "beachparty:block/sweetberries_cocktail_1",
		"particle": "beachparty:block/sweetberries_cocktail_0"
	},
	"elements": [
		{
			"from": [5.5, 5.01, 5.25],
			"to": [10.5, 10.01, 10.25],
			"rotation": {"angle": 0, "axis": "y", "origin": [14.25, 0, 0]},
			"faces": {
				"north": {"uv": [1, 2, 6, 7], "texture": "#2", "tintindex": 1},
				"east": {"uv": [1, 2, 6, 7], "texture": "#2", "tintindex": 1},
				"south": {"uv": [1, 2, 6, 7], "texture": "#2", "tintindex": 1},
				"west": {"uv": [1, 2, 6, 7], "texture": "#2", "tintindex": 1},
				"up": {"uv": [6, 2, 11, 7], "texture": "#2", "tintindex": 1},
				"down": {"uv": [2, 6, 3, 7], "texture": "#2", "tintindex": 1}
			}
		},
		{
			"from": [6.25, 0.25, 6.25],
			"to": [9.25, 5.25, 9.25],
			"rotation": {"angle": 0, "axis": "y", "origin": [-1, 0, 1]},
			"faces": {
				"north": {"uv": [2, 6, 5, 11], "texture": "#2", "tintindex": 1},
				"east": {"uv": [2, 6, 5, 11], "texture": "#2", "tintindex": 1},
				"south": {"uv": [2, 6, 5, 11], "texture": "#2", "tintindex": 1},
				"west": {"uv": [2, 6, 5, 11], "texture": "#2", "tintindex": 1},
				"down": {"uv": [2, 5, 5, 8], "texture": "#2", "tintindex": 1}
			}
		},
		{
			"from": [6, 0.01, 6],
			"to": [10, 5.01, 10],
			"rotation": {"angle": 0, "axis": "y", "origin": [1, 0, 1]},
			"faces": {
				"north": {"uv": [3, 9, 7, 14], "texture": "#1"},
				"east": {"uv": [3, 9, 7, 14], "texture": "#1"},
				"south": {"uv": [3, 9, 7, 14], "texture": "#1"},
				"west": {"uv": [3, 9, 7, 14], "texture": "#1"},
				"down": {"uv": [8, 9, 12, 13], "texture": "#1"}
			}
		},
		{
			"name": "inverted",
			"from": [10, 0, 6],
			"to": [6, 5, 10],
			"rotation": {"angle": 0, "axis": "y", "origin": [5, 0, 1]},
			"faces": {
				"north": {"uv": [3, 9, 7, 14], "texture": "#1"},
				"east": {"uv": [3, 9, 7, 14], "texture": "#1"},
				"south": {"uv": [3, 9, 7, 14], "texture": "#1"},
				"west": {"uv": [3, 9, 7, 14], "texture": "#1"},
				"down": {"uv": [8, 9, 12, 13], "texture": "#1"}
			}
		},
		{
			"from": [7.2, 3, 6],
			"to": [11.2, 12, 6],
			"rotation": {"angle": 22.5, "axis": "z", "origin": [0, -1, 0]},
			"faces": {
				"north": {"uv": [11, 2, 15, 11], "texture": "#2"},
				"south": {"uv": [15, 2, 11, 11], "texture": "#2"}
			}
		},
		{
			"from": [5, 5, 5],
			"to": [11, 12, 11],
			"faces": {
				"north": {"uv": [2, 2, 8, 9], "texture": "#1"},
				"east": {"uv": [2, 2, 8, 9], "texture": "#1"},
				"south": {"uv": [2, 2, 8, 9], "texture": "#1"},
				"west": {"uv": [2, 2, 8, 9], "texture": "#1"},
				"up": {"uv": [8, 2, 14, 8], "texture": "#1"},
				"down": {"uv": [8, 2, 14, 8], "texture": "#1"}
			}
		},
		{
			"name": "inverted",
			"from": [11, 5, 5],
			"to": [5, 12, 11],
			"rotation": {"angle": 0, "axis": "y", "origin": [6, 0, 0]},
			"faces": {
				"north": {"uv": [2, 2, 8, 9], "texture": "#1"},
				"east": {"uv": [2, 2, 8, 9], "texture": "#1"},
				"south": {"uv": [2, 2, 8, 9], "texture": "#1"},
				"west": {"uv": [2, 2, 8, 9], "texture": "#1"},
				"up": {"uv": [8, 2, 14, 8], "texture": "#1"},
				"down": {"uv": [8, 2, 14, 8], "texture": "#1"}
			}
		}
	],
	"display": {
		"thirdperson_righthand": {
			"rotation": [20.5, 59, 0],
			"translation": [0, 1.5, 1.25],
			"scale": [0.6, 0.6, 0.6]
		},
		"thirdperson_lefthand": {
			"rotation": [20.5, -130, 0],
			"translation": [0, 1, 1.25],
			"scale": [0.6, 0.6, 0.6]
		},
		"firstperson_righthand": {
			"rotation": [-8.51, 4.31, 0.37],
			"translation": [0.5, 0.75, 3.5]
		},
		"firstperson_lefthand": {
			"rotation": [-8.51, 151, 0.37],
			"translation": [0.5, 0.75, 3.5]
		},
		"ground": {
			"translation": [0, 2.25, 0],
			"scale": [0.53, 0.53, 0.53]
		},
		"gui": {
			"rotation": [30, 135, 0],
			"translation": [0, -0.5, 1.5],
			"scale": [0.8, 0.8, 0.8]
		},
		"head": {
			"translation": [0, 14.25, 0]
		}
	},
	"groups": [
		0,
		1,
		2,
		3,
		4,
		5,
		6,
		{
			"name": "group",
			"origin": [8, 8, 8],
			"color": 0,
			"children": []
		}
	]
}