{
	"format_version": "1.21.11",
	"credit": "Made by Satisfy",
	"textures": {
		"1": "wildernature:block/trophy_bison_parts",
		"2": "wildernature:block/trophy_bison_head_front",
		"3": "wildernature:block/trophy_front",
		"4": "wildernature:block/trophy_bison_head_top",
		"5": "wildernature:block/trophy_bison_head_side",
		"particle": "wildernature:block/trophy_front"
	},
	"elements": [
		{
			"from": [0, 3, 15],
			"to": [16, 13, 16],
			"rotation": {"angle": 0, "axis": "y", "origin": [0, 3, 15]},
			"faces": {
				"north": {"uv": [0, 3, 16, 13], "texture": "#3"},
				"east": {"uv": [0, 3, 1, 13], "texture": "#3"},
				"south": {"uv": [0, 3, 16, 13], "texture": "#3"},
				"west": {"uv": [15, 3, 16, 13], "texture": "#3"},
				"up": {"uv": [0, 3, 16, 4], "texture": "#3"},
				"down": {"uv": [0, 12, 16, 13], "texture": "#3"}
			}
		},
		{
			"from": [2.5, 2, 2],
			"to": [13.5, 14, 15],
			"rotation": {"angle": 0, "axis": "y", "origin": [-2, 5.9677, 4.52573]},
			"faces": {
				"north": {"uv": [1, 16, 12, 4], "texture": "#2"},
				"east": {"uv": [13, 15, 1, 2], "rotation": 90, "texture": "#5"},
				"south": {"uv": [1, 4, 2, 5], "texture": "#2"},
				"west": {"uv": [13, 2, 1, 15], "rotation": 90, "texture": "#5"},
				"up": {"uv": [2, 15, 13, 2], "texture": "#4"},
				"down": {"uv": [2, 15, 13, 2], "texture": "#4"}
			}
		},
		{
			"from": [-2.5, 9, 6],
			"to": [2.5, 12, 7],
			"rotation": {"angle": 0, "axis": "y", "origin": [-3, 9, 6]},
			"faces": {
				"north": {"uv": [11, 0, 6, 3], "texture": "#1"},
				"south": {"uv": [16, 0, 11, 3], "texture": "#1"},
				"west": {"uv": [6, 0, 7, 3], "texture": "#1"},
				"up": {"uv": [16, 0, 11, 1], "texture": "#1"},
				"down": {"uv": [6, 2, 11, 3], "texture": "#1"}
			}
		},
		{
			"from": [13.5, 9, 6],
			"to": [18.5, 12, 7],
			"rotation": {"angle": 0, "axis": "y", "origin": [13, 9, 6]},
			"faces": {
				"north": {"uv": [6, 0, 11, 3], "texture": "#1"},
				"east": {"uv": [6, 0, 7, 3], "texture": "#1"},
				"south": {"uv": [11, 0, 16, 3], "texture": "#1"},
				"up": {"uv": [11, 0, 16, 1], "texture": "#1"},
				"down": {"uv": [11, 2, 6, 3], "texture": "#1"}
			}
		},
		{
			"from": [4.5, 2, -3],
			"to": [11.5, 10, 2],
			"rotation": {"angle": 0, "axis": "y", "origin": [4.5, 2, -3]},
			"faces": {
				"north": {"uv": [9, 3, 16, 11], "texture": "#1"},
				"east": {"uv": [9, 16, 1, 11], "rotation": 90, "texture": "#1"},
				"south": {"uv": [0, 0, 7, 8], "texture": "#missing"},
				"west": {"uv": [9, 11, 1, 16], "rotation": 90, "texture": "#1"},
				"up": {"uv": [2, 11, 9, 6], "texture": "#1"},
				"down": {"uv": [9, 11, 16, 16], "texture": "#1"}
			}
		},
		{
			"from": [0, 10, 8],
			"to": [3, 20, 11],
			"rotation": {"angle": 0, "axis": "y", "origin": [0, 10, 8]},
			"faces": {
				"north": {"uv": [12, 3, 15, 13], "texture": "#2"},
				"east": {"uv": [12, 3, 15, 13], "texture": "#2"},
				"south": {"uv": [12, 3, 15, 13], "texture": "#2"},
				"west": {"uv": [12, 3, 15, 13], "texture": "#2"},
				"up": {"uv": [12, 0, 15, 3], "texture": "#2"},
				"down": {"uv": [12, 13, 15, 16], "texture": "#2"}
			}
		},
		{
			"from": [13, 10, 8],
			"to": [16, 20, 11],
			"rotation": {"angle": 0, "axis": "y", "origin": [13, 10, 8]},
			"faces": {
				"north": {"uv": [12, 3, 15, 13], "texture": "#2"},
				"east": {"uv": [12, 3, 15, 13], "texture": "#2"},
				"south": {"uv": [12, 3, 15, 13], "texture": "#2"},
				"west": {"uv": [12, 3, 15, 13], "texture": "#2"},
				"up": {"uv": [12, 0, 15, 3], "texture": "#2"},
				"down": {"uv": [12, 13, 15, 16], "texture": "#2"}
			}
		}
	],
	"display": {
		"thirdperson_righthand": {
			"rotation": [28.75, 0, 0],
			"translation": [0, 2, -2.25],
			"scale": [0.5, 0.5, 0.5]
		},
		"thirdperson_lefthand": {
			"rotation": [28.75, 0, 0],
			"translation": [0, 2, -2.25],
			"scale": [0.5, 0.5, 0.5]
		},
		"firstperson_righthand": {
			"rotation": [-180, 57.25, -180],
			"translation": [-4.25, 3.75, 2.5],
			"scale": [0.4, 0.4, 0.4]
		},
		"firstperson_lefthand": {
			"rotation": [-180, 57.25, -180],
			"translation": [-4.25, 3.75, 2.5],
			"scale": [0.4, 0.4, 0.4]
		}
	},
	"groups": [
		0,
		{
			"name": "head",
			"origin": [4.5, 2, -3],
			"color": 0,
			"children": [1, 2, 3, 4, 5, 6]
		}
	]
}