{
	"format_version": "1.21.11",
	"credit": "Made by Satisfy",
	"textures": {
		"3": "wildernature:block/trophy_front",
		"4": "wildernature:block/trophy_deer_head",
		"5": "wildernature:block/trophy_deer_antler",
		"particle": "wildernature:block/trophy_front"
	},
	"elements": [
		{
			"from": [0, 3, 15],
			"to": [16, 13, 16],
			"rotation": {"angle": 0, "axis": "y", "origin": [0, 3, 15]},
			"faces": {
				"north": {"uv": [0, 3, 16, 13], "texture": "#3"},
				"east": {"uv": [0, 3, 1, 13], "texture": "#3"},
				"south": {"uv": [0, 3, 16, 13], "texture": "#3"},
				"west": {"uv": [15, 3, 16, 13], "texture": "#3"},
				"up": {"uv": [0, 3, 16, 4], "texture": "#3"},
				"down": {"uv": [0, 12, 16, 13], "texture": "#3"}
			}
		},
		{
			"name": "head",
			"from": [5, 5, 8],
			"to": [11, 10, 15],
			"rotation": {"angle": 0, "axis": "y", "origin": [8, 7, 10]},
			"faces": {
				"north": {"uv": [6, 7, 0, 12], "texture": "#4"},
				"east": {"uv": [12, 7, 6, 12], "texture": "#4"},
				"west": {"uv": [6, 7, 12, 12], "texture": "#4"},
				"up": {"uv": [6, 7, 0, 0], "texture": "#4"},
				"down": {"uv": [12, 0, 6, 7], "texture": "#4"}
			}
		},
		{
			"name": "nose",
			"from": [6, 6, 5],
			"to": [10, 9, 8],
			"rotation": {"angle": 0, "axis": "y", "origin": [8, 8, 10]},
			"faces": {
				"north": {"uv": [12, 6, 16, 9], "texture": "#4"},
				"east": {"uv": [12, 8, 15, 11], "texture": "#4"},
				"south": {"uv": [10, 12, 14, 15], "texture": "#4"},
				"west": {"uv": [15, 8, 12, 11], "texture": "#4"},
				"up": {"uv": [12, 6, 16, 3], "texture": "#4"},
				"down": {"uv": [12, 0, 16, 3], "texture": "#4"}
			}
		},
		{
			"name": "right_ear",
			"from": [2, 7, 13],
			"to": [5, 10, 14],
			"rotation": {"angle": 0, "axis": "z", "origin": [8, 8, 10]},
			"faces": {
				"north": {"uv": [0, 13, 3, 16], "texture": "#4"},
				"east": {"uv": [6, 13, 7, 16], "texture": "#4"},
				"south": {"uv": [3, 13, 6, 16], "texture": "#4"},
				"west": {"uv": [6, 13, 7, 16], "texture": "#4"},
				"up": {"uv": [3, 12, 0, 13], "texture": "#4"},
				"down": {"uv": [6, 12, 3, 13], "texture": "#4"}
			}
		},
		{
			"name": "left_eat",
			"from": [11, 7, 13],
			"to": [14, 10, 14],
			"rotation": {"angle": 0, "axis": "y", "origin": [8, 8, 10]},
			"faces": {
				"north": {"uv": [3, 13, 0, 16], "texture": "#4"},
				"east": {"uv": [7, 13, 6, 16], "texture": "#4"},
				"south": {"uv": [6, 13, 3, 16], "texture": "#4"},
				"west": {"uv": [7, 13, 6, 16], "texture": "#4"},
				"up": {"uv": [0, 12, 3, 13], "texture": "#4"},
				"down": {"uv": [3, 12, 6, 13], "texture": "#4"}
			}
		},
		{
			"name": "antler_right",
			"from": [5, 10, 8],
			"to": [5, 20, 15],
			"rotation": {"angle": 22.5, "axis": "z", "origin": [5, 10, 8]},
			"faces": {
				"east": {"uv": [8, 3, 15, 13], "texture": "#5"},
				"west": {"uv": [1, 3, 8, 13], "texture": "#5"}
			}
		},
		{
			"name": "antler_left",
			"from": [11, 10, 8],
			"to": [11, 20, 15],
			"rotation": {"angle": -22.5, "axis": "z", "origin": [11, 10, 8]},
			"faces": {
				"east": {"uv": [8, 3, 15, 13], "texture": "#5"},
				"west": {"uv": [1, 3, 8, 13], "texture": "#5"}
			}
		}
	],
	"display": {
		"thirdperson_righthand": {
			"rotation": [28.75, 0, 0],
			"translation": [0, 2, -2.75],
			"scale": [0.6, 0.6, 0.6]
		},
		"thirdperson_lefthand": {
			"rotation": [28.75, 0, 0],
			"translation": [0, 2, -2.75],
			"scale": [0.6, 0.6, 0.6]
		},
		"firstperson_righthand": {
			"rotation": [-180, 57.25, -180],
			"translation": [-4.75, 3.75, 2.5],
			"scale": [0.5, 0.5, 0.5]
		},
		"firstperson_lefthand": {
			"rotation": [-180, 57.25, -180],
			"translation": [-4.75, 3.75, 2.5],
			"scale": [0.5, 0.5, 0.5]
		}
	},
	"groups": [
		0,
		{
			"name": "head",
			"origin": [8.38418, 14.77224, -1.65258],
			"color": 0,
			"children": [1, 2, 3, 4, 5, 6]
		}
	]
}