{
	"format_version": "1.21.11",
	"credit": "Made by Satisfy",
	"textures": {
		"2": "wildernature:block/trophy_red_wolf_parts",
		"3": "wildernature:block/trophy_front",
		"4": "wildernature:block/trophy_red_wolf_head",
		"particle": "wildernature:block/trophy_front"
	},
	"elements": [
		{
			"from": [0, 3, 15],
			"to": [16, 13, 16],
			"rotation": {"angle": 0, "axis": "y", "origin": [0, 3, 15]},
			"faces": {
				"north": {"uv": [0, 3, 16, 13], "texture": "#3"},
				"east": {"uv": [0, 3, 1, 13], "texture": "#3"},
				"south": {"uv": [0, 3, 16, 13], "texture": "#3"},
				"west": {"uv": [15, 3, 16, 13], "texture": "#3"},
				"up": {"uv": [0, 3, 16, 4], "texture": "#3"},
				"down": {"uv": [0, 12, 16, 13], "texture": "#3"}
			}
		},
		{
			"name": "head",
			"from": [4, 4.5, 9],
			"to": [12, 10.5, 15],
			"rotation": {"angle": 0, "axis": "y", "origin": [-1, 8, 8]},
			"faces": {
				"north": {"uv": [0, 4, 8, 10], "texture": "#4"},
				"east": {"uv": [8, 4, 14, 10], "texture": "#4"},
				"west": {"uv": [14, 4, 8, 10], "texture": "#4"},
				"up": {"uv": [8, 16, 0, 10], "texture": "#4"},
				"down": {"uv": [16, 10, 8, 16], "texture": "#4"}
			}
		},
		{
			"name": "head",
			"from": [9, 10.5, 13],
			"to": [12, 14.5, 14],
			"rotation": {"angle": 0, "axis": "y", "origin": [-1, 8, 8]},
			"faces": {
				"north": {"uv": [8, 6, 11, 10], "texture": "#2"},
				"east": {"uv": [13, 5, 14, 9], "texture": "#2"},
				"south": {"uv": [14, 6, 11, 10], "texture": "#2"},
				"west": {"uv": [12, 6, 13, 10], "texture": "#2"},
				"up": {"uv": [8, 5, 11, 6], "texture": "#2"}
			}
		},
		{
			"name": "head",
			"from": [4, 10.5, 13],
			"to": [7, 14.5, 14],
			"rotation": {"angle": 0, "axis": "y", "origin": [-1, 8, 8]},
			"faces": {
				"north": {"uv": [8, 6, 11, 10], "texture": "#2"},
				"east": {"uv": [13, 5, 14, 9], "texture": "#2"},
				"south": {"uv": [14, 6, 11, 10], "texture": "#2"},
				"west": {"uv": [12, 6, 13, 10], "texture": "#2"},
				"up": {"uv": [8, 5, 11, 6], "texture": "#2"}
			}
		},
		{
			"name": "head",
			"from": [6, 4.5, 6],
			"to": [10, 7.5, 9],
			"rotation": {"angle": 0, "axis": "y", "origin": [-1, 8, 8]},
			"faces": {
				"north": {"uv": [8, 2, 12, 5], "texture": "#2"},
				"east": {"uv": [15, 2, 12, 5], "texture": "#2"},
				"west": {"uv": [12, 2, 15, 5], "texture": "#2"},
				"up": {"uv": [0, 4, 4, 1], "texture": "#2"},
				"down": {"uv": [4, 4, 8, 1], "texture": "#2"}
			}
		}
	],
	"display": {
		"thirdperson_righthand": {
			"rotation": [28.75, 0, 0],
			"translation": [0, 2, -2.75],
			"scale": [0.6, 0.6, 0.6]
		},
		"thirdperson_lefthand": {
			"rotation": [28.75, 0, 0],
			"translation": [0, 2, -2.75],
			"scale": [0.6, 0.6, 0.6]
		},
		"firstperson_righthand": {
			"rotation": [-180, 57.25, -180],
			"translation": [-4.75, 3.75, 2.5],
			"scale": [0.5, 0.5, 0.5]
		},
		"firstperson_lefthand": {
			"rotation": [-180, 57.25, -180],
			"translation": [-4.75, 3.75, 2.5],
			"scale": [0.5, 0.5, 0.5]
		}
	},
	"groups": [
		0,
		{
			"name": "head",
			"origin": [1, 18.5, 1],
			"rotation": [90, 0, 0],
			"color": 0,
			"children": [1, 2, 3, 4]
		}
	]
}