{
	"credit": "Made with Blockbench",
	"render_type": "cutout",
	"texture_size": [32, 32],
	"textures": {
		"0": "createdieselgenerators:block/engine_piston_block",
		"2": "createdieselgenerators:block/cam_linkage_alu",
		"3": "create:block/axis_top",
		"4": "create:block/pipes",
		"5": "create:block/axis",
		"particle": "createdieselgenerators:block/engine_piston_block"
	},
	"elements": [
		{
			"from": [1, 1, 1],
			"to": [15, 15, 15],
			"faces": {
				"north": {"uv": [2, 7, 9, 14], "texture": "#0"},
				"east": {"uv": [2, 0, 9, 7], "texture": "#0"},
				"south": {"uv": [9, 0, 16, 7], "texture": "#0"},
				"west": {"uv": [2, 0, 9, 7], "texture": "#0"},
				"up": {"uv": [2, 0, 9, 7], "texture": "#0"},
				"down": {"uv": [2, 0, 9, 7], "texture": "#0"}
			}
		},
		{
			"from": [12, 4, 1],
			"to": [4, 12, 15],
			"faces": {
				"east": {"uv": [9, 11, 16, 15], "texture": "#0"},
				"west": {"uv": [9, 11, 16, 15], "texture": "#0"},
				"up": {"uv": [9, 11, 16, 15], "rotation": 90, "texture": "#0"},
				"down": {"uv": [9, 11, 16, 15], "rotation": 90, "texture": "#0"}
			}
		},
		{
			"from": [4, 4, -2],
			"to": [12, 12, 4],
			"rotation": {"angle": 0, "axis": "y", "origin": [8, 7, 15]},
			"faces": {
				"north": {"uv": [9.5, 7, 13.5, 11], "texture": "#0"},
				"east": {"uv": [16, 7, 13, 11], "texture": "#0"},
				"west": {"uv": [13, 7, 16, 11], "texture": "#0"},
				"up": {"uv": [16, 7, 13, 11], "rotation": 270, "texture": "#0"},
				"down": {"uv": [13, 7, 16, 11], "rotation": 270, "texture": "#0"}
			}
		},
		{
			"from": [-0.05, 2.95, 2.95],
			"to": [2.05, 13.05, 13.05],
			"faces": {
				"north": {"uv": [10.5, 2.5, 11.5, 7.5], "texture": "#4"},
				"east": {"uv": [11, 11, 16, 16], "texture": "#4"},
				"south": {"uv": [11.5, 2.5, 10.5, 7.5], "texture": "#4"},
				"west": {"uv": [11, 11, 16, 16], "texture": "#4"},
				"up": {"uv": [11.5, 2.5, 10.5, 7.5], "texture": "#4"},
				"down": {"uv": [11.5, 2.5, 10.5, 7.5], "texture": "#4"}
			}
		},
		{
			"from": [13.95, 2.95, 2.95],
			"to": [16.05, 13.05, 13.05],
			"rotation": {"angle": 0, "axis": "y", "origin": [0, 7, 23]},
			"faces": {
				"north": {"uv": [11.5, 2.5, 10.5, 7.5], "texture": "#4"},
				"east": {"uv": [11, 11, 16, 16], "texture": "#4"},
				"south": {"uv": [10.5, 2.5, 11.5, 7.5], "texture": "#4"},
				"west": {"uv": [11, 11, 16, 16], "texture": "#4"},
				"up": {"uv": [11.5, 2.5, 10.5, 7.5], "rotation": 180, "texture": "#4"},
				"down": {"uv": [11.5, 2.5, 10.5, 7.5], "rotation": 180, "texture": "#4"}
			}
		},
		{
			"from": [4, 4, 12],
			"to": [12, 12, 18],
			"faces": {
				"north": {"uv": [9.5, 7, 13.5, 11], "texture": "#0"},
				"east": {"uv": [13, 7, 16, 11], "texture": "#0"},
				"south": {"uv": [9.5, 7, 13.5, 11], "texture": "#0"},
				"west": {"uv": [16, 7, 13, 11], "texture": "#0"},
				"up": {"uv": [16, 7, 13, 11], "rotation": 90, "texture": "#0"},
				"down": {"uv": [13, 7, 16, 11], "rotation": 90, "texture": "#0"}
			}
		},
		{
			"from": [5, 5, -14.5],
			"to": [11, 11, 4.5],
			"rotation": {"angle": 0, "axis": "y", "origin": [8, 12.5, 8]},
			"faces": {
				"north": {"uv": [4, 3.5, 7, 6.5], "rotation": 180, "texture": "#2"},
				"east": {"uv": [1, 6.5, 4, 16], "rotation": 90, "texture": "#2"},
				"west": {"uv": [1, 6.5, 4, 16], "rotation": 270, "texture": "#2"},
				"up": {"uv": [4, 6.5, 7, 16], "texture": "#2"},
				"down": {"uv": [4, 6.5, 7, 16], "rotation": 180, "texture": "#2"}
			}
		},
		{
			"from": [6, 5.1, -15.5],
			"to": [10, 11.1, -7.5],
			"rotation": {"angle": 0, "axis": "x", "origin": [8, 18, -4.5]},
			"faces": {
				"north": {"uv": [8.5, 14, 10.5, 11], "rotation": 180, "texture": "#2"},
				"east": {"uv": [10.5, 14, 14.5, 11], "rotation": 180, "texture": "#2"},
				"south": {"uv": [8.5, 14, 10.5, 11], "rotation": 180, "texture": "#2"},
				"west": {"uv": [10.5, 14, 14.5, 11], "rotation": 180, "texture": "#2"},
				"up": {"uv": [14.5, 9, 10.5, 11], "rotation": 270, "texture": "#2"},
				"down": {"uv": [10.5, 9, 14.5, 11], "rotation": 90, "texture": "#2"}
			}
		},
		{
			"from": [6, 11.1, -13.5],
			"to": [10, 16.1, -9.5],
			"rotation": {"angle": 0, "axis": "x", "origin": [8, 18, -4.5]},
			"faces": {
				"north": {"uv": [0, 0, 2, 2.5], "texture": "#0"},
				"east": {"uv": [0, 0, 2, 2.5], "texture": "#0"},
				"south": {"uv": [0, 0, 2, 2.5], "texture": "#0"},
				"west": {"uv": [0, 0, 2, 2.5], "texture": "#0"}
			}
		},
		{
			"from": [1.98, 18.98, -14.51],
			"to": [5.02, 25.02, -8.47],
			"faces": {
				"north": {"uv": [9.5, 1.5, 11, 4.5], "texture": "#2"},
				"east": {"uv": [11, 1.5, 14, 4.5], "texture": "#2"},
				"south": {"uv": [9.5, 1.5, 11, 4.5], "texture": "#2"},
				"west": {"uv": [11, 1.5, 14, 4.5], "texture": "#2"},
				"up": {"uv": [11, 0, 14, 1.5], "rotation": 90, "texture": "#2"},
				"down": {"uv": [11, 4.5, 14, 6], "rotation": 90, "texture": "#2"}
			}
		},
		{
			"from": [0, 20, -13.5],
			"to": [2, 24, -9.5],
			"rotation": {"angle": 0, "axis": "z", "origin": [8, 8, 8]},
			"faces": {
				"north": {"uv": [6, 0, 10, 2], "rotation": 270, "texture": "#5"},
				"east": {"uv": [0, 0, 0, 0], "rotation": 270, "texture": "#3"},
				"south": {"uv": [6, 0, 10, 2], "rotation": 90, "texture": "#5"},
				"west": {"uv": [6, 6, 10, 10], "rotation": 270, "texture": "#3"},
				"up": {"uv": [6, 0, 10, 2], "rotation": 90, "texture": "#5"},
				"down": {"uv": [6, 0, 10, 2], "rotation": 270, "texture": "#5"}
			}
		},
		{
			"from": [14, 20, -13.5],
			"to": [16, 24, -9.5],
			"rotation": {"angle": 0, "axis": "z", "origin": [8, 8, 8]},
			"faces": {
				"north": {"uv": [6, 0, 10, 2], "rotation": 90, "texture": "#5"},
				"east": {"uv": [6, 6, 10, 10], "rotation": 90, "texture": "#3"},
				"south": {"uv": [6, 0, 10, 2], "rotation": 270, "texture": "#5"},
				"west": {"uv": [0, 0, 0, 0], "rotation": 270, "texture": "#3"},
				"up": {"uv": [6, 0, 10, 2], "rotation": 90, "texture": "#5"},
				"down": {"uv": [6, 0, 10, 2], "rotation": 270, "texture": "#5"}
			}
		},
		{
			"from": [10, 15, -14.5],
			"to": [13, 21, -8.5],
			"faces": {
				"north": {"uv": [9.5, 1.5, 11, 4.5], "rotation": 180, "texture": "#2"},
				"east": {"uv": [11, 1.5, 14, 4.5], "rotation": 180, "texture": "#2"},
				"south": {"uv": [9.5, 1.5, 11, 4.5], "rotation": 180, "texture": "#2"},
				"west": {"uv": [11, 1.5, 14, 4.5], "rotation": 180, "texture": "#2"},
				"up": {"uv": [11, 4.5, 14, 6], "rotation": 270, "texture": "#2"},
				"down": {"uv": [11, 0, 14, 1.5], "rotation": 270, "texture": "#2"}
			}
		},
		{
			"from": [10.98, 18.98, -14.51],
			"to": [14.02, 25.02, -8.47],
			"faces": {
				"north": {"uv": [9.5, 1.5, 11, 4.5], "texture": "#2"},
				"east": {"uv": [11, 1.5, 14, 4.5], "texture": "#2"},
				"south": {"uv": [9.5, 1.5, 11, 4.5], "texture": "#2"},
				"west": {"uv": [11, 1.5, 14, 4.5], "texture": "#2"},
				"up": {"uv": [11, 0, 14, 1.5], "rotation": 270, "texture": "#2"},
				"down": {"uv": [11, 4.5, 14, 6], "rotation": 270, "texture": "#2"}
			}
		},
		{
			"from": [3, 15, -14.5],
			"to": [6, 21, -8.5],
			"faces": {
				"north": {"uv": [9.5, 1.5, 11, 4.5], "rotation": 180, "texture": "#2"},
				"east": {"uv": [11, 1.5, 14, 4.5], "rotation": 180, "texture": "#2"},
				"south": {"uv": [9.5, 1.5, 11, 4.5], "rotation": 180, "texture": "#2"},
				"west": {"uv": [11, 1.5, 14, 4.5], "rotation": 180, "texture": "#2"},
				"up": {"uv": [11, 4.5, 14, 6], "rotation": 90, "texture": "#2"},
				"down": {"uv": [11, 0, 14, 1.5], "rotation": 90, "texture": "#2"}
			}
		},
		{
			"from": [6, 15, -14.5],
			"to": [10, 21, -8.5],
			"faces": {
				"north": {"uv": [0, 2.5, 2, 5.5], "rotation": 180, "texture": "#0"},
				"east": {"uv": [11, 1.5, 14, 4.5], "rotation": 180, "texture": "#0"},
				"south": {"uv": [0, 2.5, 2, 5.5], "rotation": 180, "texture": "#0"},
				"west": {"uv": [11, 1.5, 14, 4.5], "rotation": 180, "texture": "#0"},
				"up": {"uv": [0, 2.5, 2, 5.5], "texture": "#0"},
				"down": {"uv": [0, 2.5, 2, 5.5], "texture": "#0"}
			}
		}
	],
	"display": {
		"thirdperson_righthand": {
			"rotation": [75, 45, 0],
			"translation": [0, 2.5, 0],
			"scale": [0.375, 0.375, 0.375]
		},
		"thirdperson_lefthand": {
			"rotation": [75, 45, 0],
			"translation": [0, 2.5, 0],
			"scale": [0.375, 0.375, 0.375]
		},
		"firstperson_righthand": {
			"rotation": [0, 45, 0],
			"scale": [0.4, 0.4, 0.4]
		},
		"firstperson_lefthand": {
			"rotation": [0, 225, 0],
			"scale": [0.4, 0.4, 0.4]
		},
		"ground": {
			"translation": [0, 3, 0],
			"scale": [0.25, 0.25, 0.25]
		},
		"gui": {
			"rotation": [30, 225, 0],
			"translation": [-2.75, 0, 0],
			"scale": [0.5, 0.5, 0.5]
		},
		"head": {
			"rotation": [90, 0, 180],
			"scale": [0.9, 0.9, 0.9]
		},
		"fixed": {
			"scale": [0.5, 0.5, 0.5]
		}
	}
}