{
	"parent": "block/block",
	"display": {
			"gui": {
				"rotation": [ 30, 45, 0 ],
				"translation": [ 0, -1, 0],
				"scale":[ 0.8, 0.8, 0.8 ]
			},
			"head": {
				"rotation": [ 0, 0, 0 ],
				"translation": [ 0, -3, -6],
				"scale":[ 1, 1, 1]
			}
	},
	"elements": [
		{
			"name": "PostW",
			"from": [0, 5, 7],
			"to": [2, 16, 9],
			"faces": {
				"north": {"uv": [0, 2, 2, 13], "texture": "#texture"},
				"east": {"uv": [14, 8, 16, 16], "texture": "#texture"},
				"south": {"uv": [0, 0, 2, 11], "texture": "#texture"},
				"west": {"uv": [2, 5, 4, 16], "texture": "#texture", "cullface": "west"},
				"up": {"uv": [12, 7, 14, 9], "texture": "#texture", "cullface": "up"},
				"down": {"uv": [10, 8, 8, 10], "texture": "#texture"}
			}
		},
		{
			"name": "TopPlankW",
			"from": [2, 12, 7],
			"to": [6, 15, 9],
			"faces": {
				"north": {"uv": [8, 11, 11, 15], "rotation": 90, "texture": "#texture"},
				"south": {"uv": [8, 15, 11, 11], "rotation": 90, "texture": "#texture"},
				"up": {"uv": [12, 6, 14, 10], "rotation": 90, "texture": "#texture"},
				"down": {"uv": [14, 12, 16, 16], "rotation": 90, "texture": "#texture"}
			}
		},
		{
			"name": "BottomPlankW",
			"from": [2, 6, 7],
			"to": [6, 9, 9],
			"faces": {
				"north": {"uv": [8, 11, 11, 15], "rotation": 90, "texture": "#texture"},
				"south": {"uv": [8, 15, 11, 11], "rotation": 90, "texture": "#texture"},
				"up": {"uv": [12, 6, 14, 10], "rotation": 90, "texture": "#texture"},
				"down": {"uv": [14, 12, 16, 16], "rotation": 90, "texture": "#texture"}
			}
		},
		{
			"name": "TopPlankE",
			"from": [10, 12, 7],
			"to": [14, 15, 9],
			"faces": {
				"north": {"uv": [8, 15, 11, 11], "rotation": 90, "texture": "#texture"},
				"south": {"uv": [8, 11, 11, 15], "rotation": 90, "texture": "#texture"},
				"up": {"uv": [12, 10, 14, 6], "rotation": 90, "texture": "#texture"},
				"down": {"uv": [14, 16, 16, 12], "rotation": 90, "texture": "#texture"}
			}
		},
		{
			"name": "BottomPlankE",
			"from": [10, 6, 7],
			"to": [14, 9, 9],
			"faces": {
				"north": {"uv": [8, 15, 11, 11], "rotation": 90, "texture": "#texture"},
				"south": {"uv": [8, 11, 11, 15], "rotation": 90, "texture": "#texture"},
				"up": {"uv": [12, 10, 14, 6], "rotation": 90, "texture": "#texture"},
				"down": {"uv": [14, 12, 16, 16], "texture": "#texture"}
			}
		},
		{
			"name": "PostE",
			"from": [14, 5, 7],
			"to": [16, 16, 9],
			"faces": {
				"north": {"uv": [0, 0, 2, 11], "texture": "#texture"},
				"east": {"uv": [2, 5, 4, 16], "texture": "#texture", "cullface": "east"},
				"south": {"uv": [0, 2, 2, 13], "texture": "#texture"},
				"west": {"uv": [14, 8, 16, 16], "texture": "#texture"},
				"up": {"uv": [12, 7, 14, 9], "texture": "#texture", "cullface": "up"},
				"down": {"uv": [10, 8, 8, 10], "texture": "#texture"}
			}
		},
		{
			"name": "PostMiddleE",
			"from": [8, 6, 7],
			"to": [10, 15, 9],
			"faces": {
				"north": {"uv": [0, 2, 2, 11], "texture": "#texture"},
				"east": {"uv": [14, 8, 16, 16], "texture": "#texture"},
				"south": {"uv": [0, 0, 2, 9], "texture": "#texture"},
				"up": {"uv": [12, 7, 14, 9], "texture": "#texture"},
				"down": {"uv": [10, 8, 8, 10], "texture": "#texture"}
			}
		},
		{
			"name": "PostMiddleW",
			"from": [6, 6, 7],
			"to": [8, 15, 9],
			"faces": {
				"north": {"uv": [0, 0, 2, 9], "texture": "#texture"},
				"south": {"uv": [0, 2, 2, 11], "texture": "#texture"},
				"west": {"uv": [14, 8, 16, 16], "texture": "#texture"},
				"up": {"uv": [12, 7, 14, 9], "texture": "#texture"},
				"down": {"uv": [10, 8, 8, 10], "texture": "#texture"}
			}
		}
	]
}