{
    "textures": {
        "particle": "#texture"
    },	
    "elements": [
        {   "from": [ 6, 0, 6 ],
            "to": [ 10, 16, 10 ],
            "faces": {
                "down":  { "uv": [ 8, 10, 12, 6 ], "texture": "#texture", "cullface": "down" },
                "up":    { "uv": [ 8, 6, 12, 10 ], "texture": "#texture", "cullface": "up" },
                "north": { "uv": [ 0, 0, 4, 16 ],  "texture": "#texture" },
                "south": { "uv": [ 0, 0, 4, 16 ],  "texture": "#texture" },
                "west":  { "uv": [ 4, 0, 8, 16 ],  "texture": "#texture" },
                "east":  { "uv": [ 4, 0, 8, 16 ],  "texture": "#texture" }
            },
            "__comment": "Center post"
        }
    ]
}
