{
    "textures": {
        "particle": "#texture"
    },
    "elements": [
        {   "from": [ 7, 12, 0 ],
            "to": [ 9, 15, 6 ],
            "faces": {
                "down":  { "uv": [ 11, 6, 13, 0 ], "texture": "#texture" },
                "up":    { "uv": [ 11, 16, 13, 10 ], "texture": "#texture" },
                "north": { "uv": [ 7, 1, 9, 4 ], "texture": "#texture", "cullface": "north" },
                "west":  { "uv": [ 8, 10, 11, 16 ], "texture": "#texture", "rotation": 90 },
                "east":  { "uv": [ 8, 0, 11, 6 ], "texture": "#texture", "rotation": 90 }
            },
            "__comment": "top bar"
        },
        {   "from": [ 7, 6, 0 ],
            "to": [ 9, 9, 6 ],
            "faces": {
                "down":  { "uv": [ 11, 6, 13, 0 ], "texture": "#texture" },
                "up":    { "uv": [ 11, 16, 13, 10 ], "texture": "#texture" },
                "north": { "uv": [ 7, 7, 9, 10 ], "texture": "#texture", "cullface": "north" },
                "west":  { "uv": [ 8, 6, 11, 0 ], "texture": "#texture", "rotation": 90 },
                "east":  { "uv": [ 8, 16, 11, 10 ], "texture": "#texture", "rotation": 90 }
            },
            "__comment": "lower bar"
        }
    ]
}
