{
	"credit": "Made with Blockbench",
	"elements": [
		{
			"name": "PostW",
			"from": [0, 5, 7],
			"to": [2, 16, 9],
			"faces": {
				"north": {"uv": [5, 7, 3, 16], "texture": "#texture"},
				"east": {"uv": [0, 2, 2, 13], "texture": "#texture"},
				"south": {"uv": [14, 8, 16, 16], "texture": "#texture"},
				"west": {"uv": [0, 0, 2, 11], "texture": "#texture", "cullface": "west"},
				"up": {"uv": [12, 7, 14, 9], "rotation": 90, "texture": "#texture", "cullface": "up"},
				"down": {"uv": [10, 8, 8, 10], "rotation": 270, "texture": "#texture"}
			}
		},
		{
			"name": "PostE",
			"from": [14, 5, 7],
			"to": [16, 16, 9],
			"faces": {
				"north": {"uv": [3, 7, 5, 16], "texture": "#texture"},
				"east": {"uv": [0, 2, 2, 13], "texture": "#texture", "cullface": "east"},
				"south": {"uv": [14, 8, 16, 16], "texture": "#texture"},
				"west": {"uv": [0, 0, 2, 11], "texture": "#texture"},
				"up": {"uv": [12, 7, 14, 9], "rotation": 270, "texture": "#texture", "cullface": "up"},
				"down": {"uv": [10, 8, 8, 10], "rotation": 90, "texture": "#texture"}
			}
		},
		{
			"name": "TopPlankWOpen",
			"from": [0, 12, 9],
			"to": [2, 15, 13],
			"faces": {
				"east": {"uv": [8, 11, 11, 15], "rotation": 90, "texture": "#texture"},
				"west": {"uv": [8, 15, 11, 11], "rotation": 90, "texture": "#texture"},
				"up": {"uv": [12, 6, 14, 10], "rotation": 180, "texture": "#texture"},
				"down": {"uv": [14, 12, 16, 16], "texture": "#texture"}
			}
		},
		{
			"name": "BottomPlankWOpen",
			"from": [0, 6, 9],
			"to": [2, 9, 13],
			"faces": {
				"east": {"uv": [8, 11, 11, 15], "rotation": 90, "texture": "#texture"},
				"west": {"uv": [8, 15, 11, 11], "rotation": 90, "texture": "#texture"},
				"up": {"uv": [12, 6, 14, 10], "texture": "#texture"},
				"down": {"uv": [16, 12, 14, 16], "texture": "#texture"}
			}
		},
		{
			"name": "PostMiddleWOpen",
			"from": [0, 6, 13],
			"to": [2, 15, 15],
			"faces": {
				"north": {"uv": [14, 8, 16, 16], "texture": "#texture"},
				"east": {"uv": [0, 2, 2, 11], "texture": "#texture"},
				"south": {"uv": [3, 7, 5, 16], "texture": "#texture"},
				"west": {"uv": [0, 2, 2, 11], "texture": "#texture"},
				"up": {"uv": [12, 7, 14, 9], "rotation": 90, "texture": "#texture"},
				"down": {"uv": [10, 8, 8, 10], "rotation": 270, "texture": "#texture"}
			}
		},
		{
			"name": "TopPlankEOpen",
			"from": [14, 12, 9],
			"to": [16, 15, 13],
			"faces": {
				"east": {"uv": [8, 11, 11, 15], "rotation": 90, "texture": "#texture"},
				"west": {"uv": [8, 15, 11, 11], "rotation": 90, "texture": "#texture"},
				"up": {"uv": [12, 10, 14, 6], "texture": "#texture"},
				"down": {"uv": [14, 12, 16, 16], "texture": "#texture"}
			}
		},
		{
			"name": "BottomPlankEOpen",
			"from": [14, 6, 9],
			"to": [16, 9, 13],
			"faces": {
				"east": {"uv": [8, 11, 11, 15], "rotation": 90, "texture": "#texture"},
				"west": {"uv": [8, 15, 11, 11], "rotation": 90, "texture": "#texture"},
				"up": {"uv": [12, 10, 14, 6], "texture": "#texture"},
				"down": {"uv": [14, 12, 16, 16], "texture": "#texture"}
			}
		},
		{
			"name": "PostMiddleEOpen",
			"from": [14, 6, 13],
			"to": [16, 15, 15],
			"faces": {
				"north": {"uv": [14, 8, 16, 16], "texture": "#texture"},
				"east": {"uv": [0, 0, 2, 9], "texture": "#texture"},
				"south": {"uv": [5, 7, 3, 16], "texture": "#texture"},
				"west": {"uv": [0, 2, 2, 11], "texture": "#texture"},
				"up": {"uv": [12, 7, 14, 9], "rotation": 270, "texture": "#texture"},
				"down": {"uv": [10, 8, 8, 10], "rotation": 90, "texture": "#texture"}
			}
		}
	]
}