{   "parent": "block/block",

    "display": {
        "gui": {
            "rotation": [ 30, 135, 0 ],
            "translation": [ 0, 0, 0],
            "scale":[ 0.625, 0.625, 0.625 ]
        },
        "fixed": {
            "rotation": [ 0, 90, 0 ],
            "translation": [ 0, 0, 0],
            "scale":[ 0.5, 0.5, 0.5 ]
        }
    },
	
    "ambientocclusion": false,
	
    "elements": [
		{   "from": [ 6, 0, 0 ],
            "to": [ 10, 16, 4 ],
            "faces": {
                "down":  { "uv": [ 8, 6, 12, 10 ], "texture": "#texture" },
                "up":    { "uv": [ 8, 6, 12, 10 ], "texture": "#texture" },
                "north": { "uv": [ 0, 0, 4, 16 ],  "texture": "#texture" },
                "south": { "uv": [ 0, 0, 4, 16 ],  "texture": "#texture" },
                "west":  { "uv": [ 4, 0, 8, 16 ],  "texture": "#texture" },
                "east":  { "uv": [ 4, 0, 8, 16 ],  "texture": "#texture" }
            },
            "__comment": "Left post"
        },
        {   "from": [ 6, 0, 12 ],
            "to": [ 10, 16, 16 ],
            "faces": {
                "down":  { "uv": [ 8, 6, 12, 10 ], "texture": "#texture" },
                "up":    { "uv": [ 8, 6, 12, 10 ], "texture": "#texture" },
                "north": { "uv": [ 0, 0, 4, 16 ],  "texture": "#texture" },
                "south": { "uv": [ 0, 0, 4, 16 ],  "texture": "#texture" },
                "west":  { "uv": [ 4, 0, 8, 16 ],  "texture": "#texture" },
                "east":  { "uv": [ 4, 0, 8, 16 ],  "texture": "#texture" }
            },
            "__comment": "Right post"
        },
        {   "from": [ 7, 12, 4 ],
            "to": [ 9, 15, 12 ],
            "faces": {
                "down":  { "uv": [ 14, 0, 16, 8 ], "texture": "#texture" },
                "up":    { "uv": [ 14, 0, 16, 8 ], "texture": "#texture" },
                "west":  { "uv": [ 14, 0, 16, 8 ], "texture": "#texture", "rotation": 90 },
                "east":  { "uv": [ 14, 0, 16, 8 ], "texture": "#texture", "rotation": 90 }
            },
            "__comment": "Top bar"
        },
        {   "from": [ 7, 6, 4 ],
            "to": [ 9, 9, 12 ],
            "faces": {
                "down":  { "uv": [ 14, 0, 16, 8 ], "texture": "#texture" },
                "up":    { "uv": [ 14, 0, 16, 8 ], "texture": "#texture" },
                "west":  { "uv": [ 14, 0, 16, 8 ], "texture": "#texture", "rotation": 90 },
                "east":  { "uv": [ 14, 0, 16, 8 ], "texture": "#texture", "rotation": 90 }
            },
            "__comment": "Lower bar"
        }
    ]
}
