{
	"format_version": "1.21.11",
	"credit": "Made by Satisfy",
	"textures": {
		"1": "camping:block/enderbag_body",
		"2": "camping:block/enderbag_back",
		"particle": "camping:block/enderbag_body"
	},
	"elements": [
		{
			"name": "pack",
			"from": [3, 0, 7],
			"to": [13, 12, 11],
			"rotation": {"angle": 0, "axis": "y", "origin": [8, 8.75, 7.5]},
			"faces": {
				"north": {"uv": [14, 0, 4, 12], "texture": "#1"},
				"east": {"uv": [4, 0, 0, 12], "texture": "#1"},
				"south": {"uv": [10, 0, 0, 12], "texture": "#2"},
				"west": {"uv": [14, 0, 10, 12], "texture": "#2"},
				"up": {"uv": [10, 12, 0, 16], "texture": "#2"},
				"down": {"uv": [10, 16, 0, 12], "texture": "#1"}
			}
		},
		{
			"name": "lock",
			"from": [7, 8, 6],
			"to": [9, 10, 7],
			"rotation": {"angle": 0, "axis": "y", "origin": [8, 8.75, 7.5]},
			"faces": {
				"north": {"uv": [10, 2, 8, 4], "texture": "#1"},
				"east": {"uv": [10, 2, 9, 4], "texture": "#1"},
				"west": {"uv": [9, 2, 8, 4], "texture": "#1"},
				"up": {"uv": [10, 2, 8, 3], "texture": "#1"},
				"down": {"uv": [10, 3, 8, 4], "texture": "#1"}
			}
		}
	],
	"display": {
		"thirdperson_righthand": {
			"rotation": [28.5, 0, 0],
			"translation": [0, 0.75, -1],
			"scale": [0.7, 0.7, 0.7]
		},
		"thirdperson_lefthand": {
			"rotation": [28.5, 0, 0],
			"translation": [0, 0.75, -1],
			"scale": [0.7, 0.7, 0.7]
		},
		"firstperson_righthand": {
			"rotation": [-180, 51, -180],
			"translation": [0.25, 3.25, -1],
			"scale": [0.7, 0.7, 0.7]
		},
		"firstperson_lefthand": {
			"rotation": [-180, 51, -180],
			"translation": [0.25, 3.25, -1],
			"scale": [0.7, 0.7, 0.7]
		}
	},
	"groups": [
		{
			"name": "large_backpack",
			"origin": [8, 0, 8],
			"color": 0,
			"children": [0, 1]
		}
	]
}