{
	"format_version": "1.21.11",
	"credit": "Made by Satisfy",
	"textures": {
		"0": "camping:block/grill_parts",
		"1": "block/campfire_log_lit",
		"2": "camping:block/grill_rust",
		"3": "camping:block/grill_bottom",
		"particle": "camping:block/grill_parts"
	},
	"elements": [
		{
			"from": [3, 10, 3],
			"to": [13, 16, 13],
			"rotation": {"angle": 0, "axis": "y", "origin": [3, 10, 3]},
			"faces": {
				"north": {"uv": [0, 0, 10, 6], "texture": "#0"},
				"east": {"uv": [0, 0, 10, 6], "texture": "#0"},
				"south": {"uv": [0, 0, 10, 6], "texture": "#0"},
				"west": {"uv": [0, 0, 10, 6], "texture": "#0"},
				"down": {"uv": [0, 0, 10, 10], "texture": "#3"}
			}
		},
		{
			"from": [3, 15, 3],
			"to": [13, 15, 13],
			"rotation": {"angle": 0, "axis": "y", "origin": [3, 15, 3]},
			"faces": {
				"up": {"uv": [0, 0, 10, 10], "texture": "#2"},
				"down": {"uv": [0, 0, 10, 10], "texture": "#2"}
			}
		},
		{
			"from": [13, 10, 3],
			"to": [3, 16, 13],
			"rotation": {"angle": 0, "axis": "y", "origin": [13, 10, 3]},
			"faces": {
				"north": {"uv": [0, 0, 10, 6], "texture": "#0"},
				"east": {"uv": [0, 0, 10, 6], "texture": "#0"},
				"south": {"uv": [0, 0, 10, 6], "texture": "#0"},
				"west": {"uv": [0, 0, 10, 6], "texture": "#0"},
				"down": {"uv": [3, 5, 13, 15], "texture": "#1"}
			}
		},
		{
			"from": [4, 0, 4],
			"to": [5, 10, 5],
			"rotation": {"angle": 0, "axis": "y", "origin": [4, 0, 4]},
			"faces": {
				"north": {"uv": [15, 0, 16, 10], "texture": "#0"},
				"east": {"uv": [15, 0, 16, 10], "texture": "#0"},
				"south": {"uv": [15, 0, 16, 10], "texture": "#0"},
				"west": {"uv": [15, 0, 16, 10], "texture": "#0"},
				"down": {"uv": [15, 9, 16, 10], "texture": "#0"}
			}
		},
		{
			"from": [11, 0, 4],
			"to": [12, 10, 5],
			"rotation": {"angle": 0, "axis": "y", "origin": [11, 0, 4]},
			"faces": {
				"north": {"uv": [15, 0, 16, 10], "texture": "#0"},
				"east": {"uv": [15, 0, 16, 10], "texture": "#0"},
				"south": {"uv": [15, 0, 16, 10], "texture": "#0"},
				"west": {"uv": [15, 0, 16, 10], "texture": "#0"},
				"down": {"uv": [15, 9, 16, 10], "texture": "#0"}
			}
		},
		{
			"from": [4, 0, 11],
			"to": [5, 10, 12],
			"rotation": {"angle": 0, "axis": "y", "origin": [4, 0, 11]},
			"faces": {
				"north": {"uv": [15, 0, 16, 10], "texture": "#0"},
				"east": {"uv": [15, 0, 16, 10], "texture": "#0"},
				"south": {"uv": [15, 0, 16, 10], "texture": "#0"},
				"west": {"uv": [15, 0, 16, 10], "texture": "#0"},
				"down": {"uv": [15, 9, 16, 10], "texture": "#0"}
			}
		},
		{
			"from": [11, 0, 11],
			"to": [12, 10, 12],
			"rotation": {"angle": 0, "axis": "y", "origin": [11, 0, 11]},
			"faces": {
				"north": {"uv": [15, 0, 16, 10], "texture": "#0"},
				"east": {"uv": [15, 0, 16, 10], "texture": "#0"},
				"south": {"uv": [15, 0, 16, 10], "texture": "#0"},
				"west": {"uv": [15, 0, 16, 10], "texture": "#0"},
				"down": {"uv": [15, 9, 16, 10], "texture": "#0"}
			}
		},
		{
			"from": [4, 4, 4],
			"to": [12, 4, 12],
			"rotation": {"angle": 0, "axis": "y", "origin": [4, 4, 4]},
			"faces": {
				"north": {"uv": [0, 0, 8, 0], "texture": "#0"},
				"up": {"uv": [0, 6, 8, 14], "texture": "#0"},
				"down": {"uv": [0, 5, 8, 13], "texture": "#0"}
			}
		},
		{
			"from": [3, 0, 10],
			"to": [4, 3, 13],
			"rotation": {"angle": 0, "axis": "y", "origin": [3, 0, 10]},
			"faces": {
				"north": {"uv": [10, 0, 11, 3], "texture": "#0"},
				"east": {"uv": [10, 0, 13, 3], "texture": "#0"},
				"south": {"uv": [10, 0, 11, 3], "texture": "#0"},
				"west": {"uv": [10, 0, 13, 3], "texture": "#0"},
				"up": {"uv": [12, 0, 13, 3], "texture": "#0"},
				"down": {"uv": [12, 0, 13, 3], "texture": "#0"}
			}
		},
		{
			"from": [12, 0, 10],
			"to": [13, 3, 13],
			"rotation": {"angle": 0, "axis": "y", "origin": [12, 0, 10]},
			"faces": {
				"north": {"uv": [10, 0, 11, 3], "texture": "#0"},
				"east": {"uv": [10, 0, 13, 3], "texture": "#0"},
				"south": {"uv": [10, 0, 11, 3], "texture": "#0"},
				"west": {"uv": [10, 0, 13, 3], "texture": "#0"},
				"up": {"uv": [12, 0, 13, 3], "texture": "#0"},
				"down": {"uv": [12, 0, 13, 3], "texture": "#0"}
			}
		},
		{
			"from": [0, 14, 5],
			"to": [3, 14, 11],
			"rotation": {"angle": 0, "axis": "y", "origin": [0, 14, 5]},
			"faces": {
				"north": {"uv": [0, 0, 3, 0], "texture": "#missing"},
				"east": {"uv": [0, 0, 6, 0], "texture": "#missing"},
				"south": {"uv": [0, 0, 3, 0], "texture": "#missing"},
				"west": {"uv": [0, 0, 6, 0], "texture": "#missing"},
				"up": {"uv": [10, 6, 13, 12], "texture": "#0"},
				"down": {"uv": [10, 5, 13, 11], "texture": "#0"}
			}
		},
		{
			"from": [13, 14, 4],
			"to": [15, 14, 11],
			"rotation": {"angle": 0, "axis": "y", "origin": [13, 14, 4]},
			"faces": {
				"south": {"uv": [0, 0, 3, 0], "texture": "#0"},
				"up": {"uv": [8, 6, 10, 13], "texture": "#0"},
				"down": {"uv": [8, 5, 10, 12], "texture": "#0"}
			}
		},
		{
			"from": [7, 12, 2],
			"to": [9, 14, 3],
			"rotation": {"angle": 0, "axis": "y", "origin": [7, 12, 2]},
			"faces": {
				"east": {"uv": [0, 6, 1, 8], "texture": "#0"},
				"west": {"uv": [0, 6, 1, 8], "texture": "#0"}
			}
		},
		{
			"from": [9, 12, 2],
			"to": [7, 14, 3],
			"rotation": {"angle": 0, "axis": "y", "origin": [9, 12, 2]},
			"faces": {
				"east": {"uv": [0, 6, 1, 8], "texture": "#0"},
				"west": {"uv": [0, 6, 1, 8], "texture": "#0"}
			}
		},
		{
			"from": [6, 12, 1],
			"to": [10, 14, 2],
			"rotation": {"angle": 0, "axis": "y", "origin": [6, 12, 1]},
			"faces": {
				"north": {"uv": [10, 3, 14, 5], "texture": "#0"},
				"east": {"uv": [10, 3, 11, 5], "texture": "#0"},
				"south": {"uv": [10, 3, 14, 5], "texture": "#0"},
				"west": {"uv": [13, 3, 14, 5], "texture": "#0"},
				"up": {"uv": [10, 3, 14, 4], "texture": "#0"},
				"down": {"uv": [10, 3, 14, 4], "texture": "#0"}
			}
		}
	],
	"display": {
		"thirdperson_righthand": {
			"rotation": [44.75, 0, 0],
			"translation": [0, 1.75, -0.25],
			"scale": [0.5, 0.5, 0.5]
		},
		"thirdperson_lefthand": {
			"rotation": [44.75, 0, 0],
			"translation": [0, 1.75, -0.25],
			"scale": [0.5, 0.5, 0.5]
		},
		"firstperson_righthand": {
			"translation": [-1.25, 0.25, 0],
			"scale": [0.6, 0.6, 0.6]
		},
		"firstperson_lefthand": {
			"translation": [-1.25, 0.25, 0],
			"scale": [0.6, 0.6, 0.6]
		}
	}
}