{
	"format_version": "1.21.11",
	"credit": "Made by Satisfy",
	"textures": {
		"0": "camping:block/sheepbag",
		"particle": "camping:block/sheepbag"
	},
	"elements": [
		{
			"name": "leg",
			"from": [4.5, 5, 5.5],
			"to": [6.5, 7, 7.5],
			"rotation": {"angle": 0, "axis": "y", "origin": [5, 5, 6.5]},
			"faces": {
				"north": {"uv": [4, 14, 2, 16], "texture": "#0"},
				"east": {"uv": [0, 14, 2, 16], "texture": "#0"},
				"south": {"uv": [2, 14, 4, 16], "texture": "#0"},
				"west": {"uv": [0, 14, 2, 16], "rotation": 180, "texture": "#0"},
				"up": {"uv": [2, 16, 0, 14], "rotation": 90, "texture": "#0"},
				"down": {"uv": [2, 16, 0, 14], "rotation": 270, "texture": "#0"}
			}
		},
		{
			"name": "leg",
			"from": [9.5, 5, 5.5],
			"to": [11.5, 7, 7.5],
			"rotation": {"angle": 0, "axis": "y", "origin": [11, 5, 10.5]},
			"faces": {
				"north": {"uv": [4, 14, 2, 16], "texture": "#0"},
				"east": {"uv": [0, 14, 2, 16], "texture": "#0"},
				"south": {"uv": [2, 14, 4, 16], "texture": "#0"},
				"west": {"uv": [0, 14, 2, 16], "rotation": 180, "texture": "#0"},
				"up": {"uv": [2, 16, 0, 14], "rotation": 90, "texture": "#0"},
				"down": {"uv": [2, 16, 0, 14], "rotation": 270, "texture": "#0"}
			}
		},
		{
			"name": "head",
			"from": [5.5, 7, 6.5],
			"to": [10.5, 12, 11.5],
			"rotation": {"angle": 0, "axis": "y", "origin": [6.5, 7, 10.5]},
			"faces": {
				"north": {"uv": [14, 11, 9, 16], "texture": "#0"},
				"east": {"uv": [11, 7, 16, 12], "texture": "#0"},
				"south": {"uv": [4, 16, 9, 11], "rotation": 180, "texture": "#0"},
				"west": {"uv": [16, 7, 11, 12], "texture": "#0"},
				"up": {"uv": [9, 10, 4, 15], "texture": "#0"},
				"down": {"uv": [4, 16, 9, 11], "rotation": 90, "texture": "#0"}
			}
		},
		{
			"name": "bag",
			"from": [4.5, 0, 7.5],
			"to": [11.5, 7, 11.5],
			"rotation": {"angle": 0, "axis": "y", "origin": [5.5, 0, 10.5]},
			"faces": {
				"north": {"uv": [14, 0, 7, 7], "texture": "#0"},
				"east": {"uv": [4, 7, 0, 14], "texture": "#0"},
				"south": {"uv": [7, 0, 0, 7], "texture": "#0"},
				"west": {"uv": [0, 7, 4, 14], "texture": "#0"},
				"up": {"uv": [11, 7, 4, 11], "texture": "#0"},
				"down": {"uv": [11, 7, 4, 11], "texture": "#0"}
			}
		},
		{
			"name": "leg",
			"from": [4.5, 0, 5.5],
			"to": [6.5, 2, 7.5],
			"rotation": {"angle": 0, "axis": "y", "origin": [5, 0, 6.5]},
			"faces": {
				"north": {"uv": [4, 14, 2, 16], "texture": "#0"},
				"east": {"uv": [0, 14, 2, 16], "texture": "#0"},
				"south": {"uv": [2, 14, 4, 16], "texture": "#0"},
				"west": {"uv": [0, 14, 2, 16], "rotation": 180, "texture": "#0"},
				"up": {"uv": [2, 16, 0, 14], "rotation": 90, "texture": "#0"},
				"down": {"uv": [2, 16, 0, 14], "rotation": 270, "texture": "#0"}
			}
		},
		{
			"name": "leg",
			"from": [9.5, 0, 5.5],
			"to": [11.5, 2, 7.5],
			"rotation": {"angle": 0, "axis": "y", "origin": [11, 0, 10.5]},
			"faces": {
				"north": {"uv": [4, 14, 2, 16], "texture": "#0"},
				"east": {"uv": [0, 14, 2, 16], "texture": "#0"},
				"south": {"uv": [2, 14, 4, 16], "texture": "#0"},
				"west": {"uv": [0, 14, 2, 16], "rotation": 180, "texture": "#0"},
				"up": {"uv": [2, 16, 0, 14], "rotation": 90, "texture": "#0"},
				"down": {"uv": [2, 16, 0, 14], "rotation": 270, "texture": "#0"}
			}
		}
	],
	"display": {
		"thirdperson_righthand": {
			"rotation": [28.5, 0, 0],
			"translation": [0, 1.5, -1],
			"scale": [0.7, 0.7, 0.7]
		},
		"thirdperson_lefthand": {
			"rotation": [28.5, 0, 0],
			"translation": [0, 1.5, -1],
			"scale": [0.7, 0.7, 0.7]
		},
		"firstperson_righthand": {
			"rotation": [-180, 51, -180],
			"translation": [-0.75, 3.5, 1.75],
			"scale": [0.7, 0.7, 0.7]
		},
		"firstperson_lefthand": {
			"rotation": [-180, 51, -180],
			"translation": [-0.75, 3.5, 1.75],
			"scale": [0.7, 0.7, 0.7]
		}
	},
	"groups": [
		{
			"name": "sheepbag",
			"origin": [11, 0, -3.5],
			"color": 0,
			"children": [0, 1, 2, 3, 4, 5]
		}
	]
}