{
	"format_version": "1.21.11",
	"credit": "Made by Satisfy",
	"textures": {
		"0": "camping:block/small_backpack",
		"1": "camping:block/small_backpack_parts",
		"particle": "camping:block/small_backpack"
	},
	"elements": [
		{
			"name": "lock",
			"from": [7, 6, 6],
			"to": [9, 8, 7],
			"rotation": {"angle": 0, "axis": "y", "origin": [8, 4.75, 8]},
			"faces": {
				"north": {"uv": [13, 5, 11, 7], "texture": "#1"},
				"east": {"uv": [13, 5, 12, 7], "texture": "#1"},
				"west": {"uv": [12, 5, 11, 7], "texture": "#1"},
				"up": {"uv": [13, 5, 11, 6], "texture": "#1"},
				"down": {"uv": [13, 6, 11, 7], "texture": "#1"}
			}
		},
		{
			"name": "pack",
			"from": [4, 0, 7],
			"to": [12, 10, 12],
			"rotation": {"angle": 0, "axis": "y", "origin": [8, 4.75, 8]},
			"faces": {
				"north": {"uv": [8, 0, 0, 10], "texture": "#0"},
				"east": {"uv": [0, 0, 5, 10], "texture": "#1"},
				"south": {"uv": [16, 0, 8, 10], "texture": "#0"},
				"west": {"uv": [5, 0, 0, 10], "texture": "#1"},
				"up": {"uv": [8, 10, 0, 15], "texture": "#0"},
				"down": {"uv": [16, 15, 8, 10], "texture": "#0"}
			}
		},
		{
			"name": "pack",
			"from": [5, 0, 5],
			"to": [11, 5, 7],
			"rotation": {"angle": 0, "axis": "y", "origin": [8, 4.75, 8]},
			"faces": {
				"north": {"uv": [13, 0, 7, 5], "texture": "#1"},
				"east": {"uv": [5, 0, 7, 5], "texture": "#1"},
				"west": {"uv": [7, 0, 5, 5], "texture": "#1"},
				"up": {"uv": [11, 7, 5, 9], "texture": "#1"},
				"down": {"uv": [11, 7, 5, 5], "texture": "#1"}
			}
		}
	],
	"display": {
		"thirdperson_righthand": {
			"rotation": [90, -90, 0],
			"translation": [1, -2, -1.25],
			"scale": [0.7, 0.7, 0.7]
		},
		"thirdperson_lefthand": {
			"rotation": [90, -90, 0],
			"translation": [1, -2, -1.25],
			"scale": [0.7, 0.7, 0.7]
		},
		"firstperson_righthand": {
			"rotation": [-180, 51, -180],
			"translation": [0, 3.75, -0.25],
			"scale": [0.8, 0.8, 0.8]
		},
		"firstperson_lefthand": {
			"rotation": [-180, 51, -180],
			"translation": [0, 3.75, -0.25],
			"scale": [0.8, 0.8, 0.8]
		}
	},
	"groups": [
		{
			"name": "backpack",
			"origin": [5, 0, -2.75],
			"color": 0,
			"children": [0, 1, 2]
		}
	]
}