{
	"format_version": "1.21.11",
	"credit": "Made by Satisfy",
	"textures": {
		"0": "camping:block/wanderer_bag_body",
		"1": "camping:block/wanderer_bag_back",
		"particle": "camping:block/wanderer_bag_body"
	},
	"elements": [
		{
			"from": [4, 0, 5],
			"to": [12, 10, 11],
			"rotation": {"angle": 0, "axis": "y", "origin": [8, 3.5, 8]},
			"faces": {
				"north": {"uv": [6, 0, 14, 10], "texture": "#0"},
				"east": {"uv": [1, 0, 7, 10], "texture": "#0"},
				"south": {"uv": [6, 0, 14, 10], "texture": "#1"},
				"west": {"uv": [0, 0, 6, 10], "texture": "#1"},
				"up": {"uv": [8, 10, 0, 16], "texture": "#0"},
				"down": {"uv": [16, 10, 8, 16], "texture": "#0"}
			}
		},
		{
			"from": [2, 0, 6],
			"to": [4, 4, 10],
			"rotation": {"angle": 0, "axis": "y", "origin": [8, 3.5, 8]},
			"faces": {
				"north": {"uv": [0, 10, 2, 14], "texture": "#1"},
				"south": {"uv": [6, 10, 8, 14], "texture": "#1"},
				"west": {"uv": [6, 10, 2, 14], "texture": "#1"},
				"up": {"uv": [10, 14, 8, 10], "texture": "#1"},
				"down": {"uv": [12, 14, 10, 10], "texture": "#1"}
			}
		},
		{
			"from": [12, 0, 6],
			"to": [14, 4, 10],
			"rotation": {"angle": 0, "axis": "y", "origin": [8, 3.5, 8]},
			"faces": {
				"north": {"uv": [2, 10, 0, 14], "texture": "#1"},
				"east": {"uv": [6, 10, 2, 14], "texture": "#1"},
				"south": {"uv": [8, 10, 6, 14], "texture": "#1"},
				"up": {"uv": [10, 10, 8, 14], "texture": "#1"},
				"down": {"uv": [10, 10, 12, 14], "texture": "#1"}
			}
		}
	],
	"display": {
		"thirdperson_righthand": {
			"rotation": [90, -90, 0],
			"translation": [0, -2, -1.25],
			"scale": [0.7, 0.7, 0.7]
		},
		"thirdperson_lefthand": {
			"rotation": [90, -90, 0],
			"translation": [0, -2, -1.25],
			"scale": [0.7, 0.7, 0.7]
		},
		"firstperson_righthand": {
			"rotation": [-180, 51, -180],
			"translation": [0, 4, -0.25],
			"scale": [0.8, 0.8, 0.8]
		},
		"firstperson_lefthand": {
			"rotation": [-180, 51, -180],
			"translation": [0, 4, -0.25],
			"scale": [0.8, 0.8, 0.8]
		}
	},
	"groups": [
		{
			"name": "wanderer_bag",
			"origin": [13, 0, 7],
			"color": 0,
			"children": [0, 1, 2]
		}
	]
}