{
	"credit": "Made with Blockbench by DimensionRed",
	"texture_size": [32, 32],
	"textures": {
		"0": "item/potion",
		"1": "item/potion_overlay",
		"particle": "block/glass"
	},
	"elements": [
		{
			"from": [5, 0, 5],
			"to": [11, 5, 11],
			"rotation": {"angle": 0, "axis": "y", "origin": [5, 0, 5]},
			"faces": {
				"north": {"uv": [3, 3, 6, 5.5], "texture": "#0"},
				"east": {"uv": [0, 3, 3, 5.5], "texture": "#0"},
				"south": {"uv": [9, 3, 12, 5.5], "texture": "#0"},
				"west": {"uv": [6, 3, 9, 5.5], "texture": "#0"},
				"up": {"uv": [6, 3, 3, 0], "texture": "#0"},
				"down": {"uv": [9, 0, 6, 3], "texture": "#0"}
			}
		},
		{
			"from": [7, 5, 7],
			"to": [9, 6, 9],
			"rotation": {"angle": 0, "axis": "y", "origin": [7, 5, 7]},
			"faces": {
				"north": {"uv": [10, 2.5, 11, 3], "texture": "#0"},
				"east": {"uv": [9, 2.5, 10, 3], "texture": "#0"},
				"south": {"uv": [12, 2.5, 13, 3], "texture": "#0"},
				"west": {"uv": [11, 2.5, 12, 3], "texture": "#0"},
				"up": {"uv": [11, 2.5, 10, 1.5], "texture": "#0"},
				"down": {"uv": [12, 1.5, 11, 2.5], "texture": "#0"}
			}
		},
		{
			"from": [6, 6, 6],
			"to": [10, 8, 10],
			"rotation": {"angle": 0, "axis": "y", "origin": [6, 6, 6]},
			"faces": {
				"north": {"uv": [2, 7.5, 4, 8.5], "texture": "#0"},
				"east": {"uv": [0, 7.5, 2, 8.5], "texture": "#0"},
				"south": {"uv": [6, 7.5, 8, 8.5], "texture": "#0"},
				"west": {"uv": [4, 7.5, 6, 8.5], "texture": "#0"},
				"up": {"uv": [4, 7.5, 2, 5.5], "texture": "#0"},
				"down": {"uv": [6, 5.5, 4, 7.5], "texture": "#0"}
			}
		},
		{
			"from": [5.6, 0.6, 5.6],
			"to": [10.4, 4.4, 10.4],
			"rotation": {"angle": 0, "axis": "y", "origin": [6, 1, 6]},
			"faces": {
				"north": {"uv": [10, 9, 12, 10.5], "texture": "#1"},
				"east": {"uv": [8, 9, 10, 10.5], "texture": "#1"},
				"south": {"uv": [14, 9, 16, 10.5], "texture": "#1"},
				"west": {"uv": [12, 9, 14, 10.5], "texture": "#1"},
				"up": {"uv": [12, 9, 10, 7], "texture": "#1"},
				"down": {"uv": [14, 7, 12, 9], "texture": "#1"}
			}
		},
		{
			"from": [6.5, 5, 6.5],
			"to": [9.5, 6, 9.5],
			"rotation": {"angle": 0, "axis": "y", "origin": [6.5, 5, 6.5]},
			"faces": {
				"north": {"uv": [7.5, 7, 9, 7.5], "texture": "#0"},
				"east": {"uv": [6, 7, 7.5, 7.5], "texture": "#0"},
				"south": {"uv": [10.5, 7, 12, 7.5], "texture": "#0"},
				"west": {"uv": [9, 7, 10.5, 7.5], "texture": "#0"},
				"up": {"uv": [9, 7, 7.5, 5.5], "texture": "#0"},
				"down": {"uv": [10.5, 5.5, 9, 7], "texture": "#0"}
			}
		},
		{
			"from": [10.5, 8.5, 10.5],
			"to": [5.5, 5.5, 5.5],
			"rotation": {"angle": 0, "axis": "y", "origin": [9.5, 8.5, 9.5]},
			"faces": {
				"north": {"uv": [13, 11.5, 14.5, 11], "texture": "#0"},
				"east": {"uv": [13, 12, 14.5, 11.5], "texture": "#0"},
				"south": {"uv": [14.5, 12, 16, 11.5], "texture": "#0"},
				"west": {"uv": [14.5, 11.5, 16, 11], "texture": "#0"},
				"up": {"uv": [12.5, 11, 11, 9.5], "texture": "#0"},
				"down": {"uv": [16, 9.5, 14.5, 11], "texture": "#0"}
			}
		},
		{
			"from": [11.5, 5.5, 11.5],
			"to": [4.5, -0.5, 4.5],
			"rotation": {"angle": 0, "axis": "y", "origin": [10.5, 4.5, 10.5]},
			"faces": {
				"north": {"uv": [13, 9.5, 16, 12], "texture": "#0"},
				"east": {"uv": [13, 9.5, 16, 12], "texture": "#0"},
				"south": {"uv": [13, 9.5, 16, 12], "texture": "#0"},
				"west": {"uv": [13, 9.5, 16, 12], "texture": "#0"},
				"up": {"uv": [16, 12.5, 13, 9.5], "texture": "#0"},
				"down": {"uv": [16, 12.5, 13, 15.5], "texture": "#0"}
			}
		}
	],
	"gui_light": "front",
	"display": {
		"thirdperson_righthand": {
			"rotation": [16, 0, 0],
			"translation": [0, 1.5, 0],
			"scale": [0.8, 0.8, 0.8]
		},
		"thirdperson_lefthand": {
			"rotation": [16, 0, 0],
			"translation": [0, 1.5, 0],
			"scale": [0.8, 0.8, 0.8]
		},
		"firstperson_righthand": {
			"translation": [0, 6, 0.25],
			"scale": [0.8, 0.8, 0.8]
		},
		"firstperson_lefthand": {
			"translation": [0, 6, 0.25],
			"scale": [0.8, 0.8, 0.8]
		},
		"ground": {
			"translation": [0, 5, 0]
		},
		"gui": {
			"rotation": [16, 155, 0],
			"translation": [0, 6.25, 0],
			"scale": [1.5, 1.5, 1.5]
		},
		"head": {
			"translation": [0, 14.25, 0]
		},
		"fixed": {
			"rotation": [-90, 0, 0],
			"translation": [0, 0, -17.25],
			"scale": [2, 2, 2]
		}
	}
}