{
	"credit": "Made with Blockbench by DimensionRed",
	"parent": "block/block",
	"texture_size": [32, 32],
	"textures": {
		"0": "item/ominous",
		"1": "item/potion_overlay"
	},
	"elements": [
		{
			"from": [5, 0, 5],
			"to": [11, 5, 11],
			"rotation": {"angle": 0, "axis": "y", "origin": [5, 0, 5]},
			"faces": {
				"north": {"uv": [3, 3, 6, 5.5], "texture": "#0"},
				"east": {"uv": [0, 3, 3, 5.5], "texture": "#0"},
				"south": {"uv": [9, 3, 12, 5.5], "texture": "#0"},
				"west": {"uv": [6, 3, 9, 5.5], "texture": "#0"},
				"up": {"uv": [6, 3, 3, 0], "texture": "#0"},
				"down": {"uv": [9, 0, 6, 3], "texture": "#0"}
			}
		},
		{
			"from": [7, 5, 7],
			"to": [9, 6, 9],
			"rotation": {"angle": 0, "axis": "y", "origin": [7, 5, 7]},
			"faces": {
				"north": {"uv": [10, 2.5, 11, 3], "texture": "#0"},
				"east": {"uv": [9, 2.5, 10, 3], "texture": "#0"},
				"south": {"uv": [12, 2.5, 13, 3], "texture": "#0"},
				"west": {"uv": [11, 2.5, 12, 3], "texture": "#0"},
				"up": {"uv": [11, 2.5, 10, 1.5], "texture": "#0"},
				"down": {"uv": [12, 1.5, 11, 2.5], "texture": "#0"}
			}
		},
		{
			"from": [6, 6, 6],
			"to": [10, 8, 10],
			"rotation": {"angle": 0, "axis": "y", "origin": [6, 6, 6]},
			"faces": {
				"north": {"uv": [2, 7.5, 4, 8.5], "texture": "#0"},
				"east": {"uv": [0, 7.5, 2, 8.5], "texture": "#0"},
				"south": {"uv": [6, 7.5, 8, 8.5], "texture": "#0"},
				"west": {"uv": [4, 7.5, 6, 8.5], "texture": "#0"},
				"up": {"uv": [4, 7.5, 2, 5.5], "texture": "#0"},
				"down": {"uv": [6, 5.5, 4, 7.5], "texture": "#0"}
			}
		},
		{
			"from": [5.6, 0.6, 5.6],
			"to": [10.4, 4.4, 10.4],
			"rotation": {"angle": 0, "axis": "y", "origin": [6, 1, 6]},
			"faces": {
				"north": {"uv": [2, 9, 4, 10.5], "texture": "#1", "tintindex": 0},
				"east": {"uv": [0, 9, 2, 10.5], "texture": "#1", "tintindex": 0},
				"south": {"uv": [6, 9, 8, 10.5], "texture": "#1", "tintindex": 0},
				"west": {"uv": [4, 9, 6, 10.5], "texture": "#1", "tintindex": 0},
				"up": {"uv": [4, 9, 2, 7], "texture": "#1", "tintindex": 0},
				"down": {"uv": [6, 7, 4, 9], "texture": "#1", "tintindex": 0}
			}
		}
	],
	"gui_light": "front",
	"display": {
		"thirdperson_righthand": {
			"rotation": [16, 0, 0],
			"translation": [0, 1.5, 0],
			"scale": [0.8, 0.8, 0.8]
		},
		"thirdperson_lefthand": {
			"rotation": [16, 0, 0],
			"translation": [0, 1.5, 0],
			"scale": [0.8, 0.8, 0.8]
		},
		"firstperson_righthand": {
			"translation": [0, 6, 0.25],
			"scale": [0.8, 0.8, 0.8]
		},
		"firstperson_lefthand": {
			"translation": [0, 6, 0.25],
			"scale": [0.8, 0.8, 0.8]
		},
		"ground": {
			"translation": [0, 5, 0]
		},
		"gui": {
			"rotation": [16, 155, 0],
			"translation": [0, 6.25, 0],
			"scale": [1.5, 1.5, 1.5]
		},
		"head": {
			"translation": [0, 14.25, 0]
		},
		"fixed": {
			"rotation": [-90, 0, 0],
			"translation": [0, 0, -16],
			"scale": [2, 2, 2]
		}
	}
}