{
	"credit": "Made with Blockbench by DimensionRed",
	"parent": "block/block",
	"texture_size": [32, 32],
	"textures": {
		"0": "item/potion",
		"1": "item/potion_overlay",
		"particle": "block/glass"
	},
	"elements": [
		{
			"from": [5, 0, 5],
			"to": [11, 5, 11],
			"rotation": {"angle": 0, "axis": "y", "origin": [5, 0, 5]},
			"faces": {
				"north": {"uv": [3, 3, 6, 5.5], "texture": "#0"},
				"east": {"uv": [0, 3, 3, 5.5], "texture": "#0"},
				"south": {"uv": [9, 3, 12, 5.5], "texture": "#0"},
				"west": {"uv": [6, 3, 9, 5.5], "texture": "#0"},
				"up": {"uv": [6, 3, 3, 0], "texture": "#0"},
				"down": {"uv": [9, 0, 6, 3], "texture": "#0"}
			}
		},
		{
			"from": [6.5, 5, 6.5],
			"to": [9.5, 8, 9.5],
			"rotation": {"angle": 0, "axis": "y", "origin": [6.5, 5, 6.5]},
			"faces": {
				"north": {"uv": [1.5, 10.5, 3, 12], "texture": "#0"},
				"east": {"uv": [0, 10.5, 1.5, 12], "texture": "#0"},
				"south": {"uv": [4.5, 10.5, 6, 12], "texture": "#0"},
				"west": {"uv": [3, 10.5, 4.5, 12], "texture": "#0"},
				"up": {"uv": [3, 10.5, 1.5, 9], "texture": "#0"},
				"down": {"uv": [4.5, 9, 3, 10.5], "texture": "#0"}
			}
		},
		{
			"from": [5.6, 0.6, 5.6],
			"to": [10.4, 4.4, 10.4],
			"rotation": {"angle": 0, "axis": "y", "origin": [6, 1, 6]},
			"faces": {
				"north": {"uv": [2, 5.5, 4, 7], "texture": "#1", "tintindex": 0},
				"east": {"uv": [0, 5.5, 2, 7], "texture": "#1", "tintindex": 0},
				"south": {"uv": [6, 5.5, 8, 7], "texture": "#1", "tintindex": 0},
				"west": {"uv": [4, 5.5, 6, 7], "texture": "#1", "tintindex": 0},
				"up": {"uv": [4, 5.5, 2, 3.5], "texture": "#1", "tintindex": 0},
				"down": {"uv": [6, 3.5, 4, 5.5], "texture": "#1", "tintindex": 0}
			}
		},
		{
			"from": [7, 8, 7],
			"to": [8, 10, 8],
			"rotation": {"angle": 0, "axis": "y", "origin": [7, 8, 7]},
			"faces": {
				"north": {"uv": [14, 4.5, 14.5, 5.5], "texture": "#0"},
				"east": {"uv": [13.5, 4.5, 14, 5.5], "texture": "#0"},
				"south": {"uv": [15, 4.5, 15.5, 5.5], "texture": "#0"},
				"west": {"uv": [14.5, 4.5, 15, 5.5], "texture": "#0"},
				"up": {"uv": [14.5, 4.5, 14, 4], "texture": "#0"},
				"down": {"uv": [15, 4, 14.5, 4.5], "texture": "#0"}
			}
		}
	],
	"gui_light": "front",
	"display": {
		"thirdperson_righthand": {
			"rotation": [41, 0, 0],
			"translation": [0, -0.75, 0],
			"scale": [0.8, 0.8, 0.8]
		},
		"thirdperson_lefthand": {
			"rotation": [16, 0, 0],
			"translation": [0, 1.5, 0],
			"scale": [0.8, 0.8, 0.8]
		},
		"firstperson_righthand": {
			"translation": [0, 6, 0.25],
			"scale": [0.8, 0.8, 0.8]
		},
		"firstperson_lefthand": {
			"translation": [0, 6, 0.25],
			"scale": [0.8, 0.8, 0.8]
		},
		"ground": {
			"translation": [0, 5, 0]
		},
		"gui": {
			"rotation": [16, 155, 0],
			"translation": [0, 6.25, 0],
			"scale": [1.5, 1.5, 1.5]
		},
		"head": {
			"translation": [0, 14.25, 0]
		},
		"fixed": {
			"rotation": [-90, 0, 0],
			"translation": [0, 0, -16],
			"scale": [2, 2, 2]
		}
	}
}