{
	"credit": "Made with Blockbench",
	"textures": {
		"particle": "block/brewing_stand",
		"brewing_stand": "block/brewing_stand"
	},
	"elements": [
		{
			"name": "liquid",
			"from": [3.5, 2.5, 10.5],
			"to": [6.5, 5.5, 13.5],
			"shade": false,
			"rotation": {"angle": 0, "axis": "y", "origin": [5, 4, 12]},
			"faces": {
				"north": {"uv": [3, 3, 6, 6], "texture": "#brewing_stand"},
				"east": {"uv": [0, 6, 3, 9], "texture": "#brewing_stand"},
				"south": {"uv": [6, 3, 3, 6], "texture": "#brewing_stand"},
				"west": {"uv": [0, 3, 3, 6], "texture": "#brewing_stand"},
				"up": {"uv": [0, 0, 3, 3], "rotation": 180, "texture": "#brewing_stand"},
				"down": {"uv": [0, 0, 3, 3], "rotation": 180, "texture": "#brewing_stand"}
			}
		},
		{
			"name": "bottle_n",
			"from": [3, 2, 6],
			"to": [7, 6, 10],
			"shade": false,
			"rotation": {"angle": 0, "axis": "y", "origin": [-7, 0, 0]},
			"faces": {
				"south": {"uv": [10, 0, 6, 4], "texture": "#brewing_stand"}
			}
		},
		{
			"name": "bottle_s",
			"from": [3, 2, 14],
			"to": [7, 6, 18],
			"shade": false,
			"rotation": {"angle": 0, "axis": "y", "origin": [-7, 0, 8]},
			"faces": {
				"north": {"uv": [10, 0, 6, 4], "texture": "#brewing_stand"}
			}
		},
		{
			"name": "bottle_w",
			"from": [-1, 2, 10],
			"to": [3, 6, 14],
			"shade": false,
			"rotation": {"angle": 0, "axis": "y", "origin": [-11, 0, 4]},
			"faces": {
				"east": {"uv": [6, 0, 10, 4], "texture": "#brewing_stand"}
			}
		},
		{
			"name": "bottle_e",
			"from": [7, 2, 10],
			"to": [11, 6, 14],
			"shade": false,
			"rotation": {"angle": 0, "axis": "y", "origin": [-3, 0, 4]},
			"faces": {
				"west": {"uv": [6, 0, 10, 4], "texture": "#brewing_stand"}
			}
		},
		{
			"name": "bottle_up",
			"from": [3, 6, 10],
			"to": [7, 10, 14],
			"shade": false,
			"rotation": {"angle": 0, "axis": "y", "origin": [-7, 4, 4]},
			"faces": {
				"down": {"uv": [9, 0, 10, 1], "texture": "#brewing_stand"}
			}
		},
		{
			"name": "bottle_down",
			"from": [3, -1.998, 10],
			"to": [7, 2.002, 14],
			"shade": false,
			"rotation": {"angle": 0, "axis": "y", "origin": [-7, -4, 4]},
			"faces": {
				"up": {"uv": [7, 3, 6, 4], "texture": "#brewing_stand"}
			}
		},
		{
			"name": "bottleneck_top",
			"from": [4, 9, 11],
			"to": [6, 10, 13],
			"shade": false,
			"faces": {
				"north": {"uv": [4, 6, 6, 7], "texture": "#brewing_stand"},
				"east": {"uv": [6, 6, 4, 7], "texture": "#brewing_stand"},
				"south": {"uv": [4, 6, 6, 7], "texture": "#brewing_stand"},
				"west": {"uv": [6, 6, 4, 7], "texture": "#brewing_stand"},
				"up": {"uv": [10, 0, 12, 2], "texture": "#brewing_stand"},
				"down": {"uv": [12, 0, 14, 2], "texture": "#brewing_stand"}
			}
		},
		{
			"name": "bottleneck",
			"from": [4.5, 6, 11.5],
			"to": [5.5, 9, 12.5],
			"shade": false,
			"faces": {
				"north": {"uv": [5, 0, 6, 3], "texture": "#brewing_stand"},
				"east": {"uv": [5, 0, 6, 3], "texture": "#brewing_stand"},
				"south": {"uv": [5, 0, 6, 3], "texture": "#brewing_stand"},
				"west": {"uv": [5, 0, 6, 3], "texture": "#brewing_stand"}
			}
		},
		{
			"name": "pipe_top",
			"from": [7.5, 11, 9],
			"to": [8.5, 12, 12.5],
			"faces": {
				"east": {"uv": [5, 7, 6, 10.5], "rotation": 90, "texture": "#brewing_stand"},
				"south": {"uv": [15, 1, 16, 2], "texture": "#brewing_stand"},
				"west": {"uv": [5, 7, 6, 10.5], "rotation": 270, "texture": "#brewing_stand"},
				"up": {"uv": [5, 7, 6, 10.5], "texture": "#brewing_stand"},
				"down": {"uv": [5, 7, 6, 10.5], "rotation": 180, "texture": "#brewing_stand"}
			}
		},
		{
			"name": "pipe_bottom",
			"from": [4.5, 10, 11.5],
			"to": [8.5, 11, 12.5],
			"faces": {
				"north": {"uv": [15, 1, 16, 2], "texture": "#brewing_stand"},
				"east": {"uv": [15, 1, 16, 2], "texture": "#brewing_stand"},
				"south": {"uv": [15, 1, 16, 2], "texture": "#brewing_stand"},
				"west": {"uv": [15, 1, 16, 2], "texture": "#brewing_stand"},
				"up": {"uv": [15, 1, 16, 2], "texture": "#brewing_stand"},
				"down": {"uv": [15, 1, 16, 2], "texture": "#brewing_stand"}
			}
		}
	]
}