{
  "parent": "minecraft:item/generated",
  "textures": {
    "layer0": "bakery:item/small_cooking_pan"
  },
  "overrides": [
    {
      "predicate": {
        "pommel:is_held": 1.0
      },
      "model": "bakery:item/small_cooking_pot_hand"
    },
    {
      "predicate": {
        "pommel:is_fixed": 1.0
      },
      "model": "bakery:item/small_cooking_pot_hand"
    },
    {
      "predicate": {
        "pommel:is_head": 1.0
      },
      "model": "bakery:item/small_cooking_pot_hand"
    }
  ]
}