{
	"format_version": "1.21.6",
	"credit": "Made by Satisfy",
	"textures": {
		"0": "bakery:block/pan_base",
		"particle": "bakery:block/pan_base"
	},
	"elements": [
		{
			"from": [4, 0, 4],
			"to": [12, 1, 12],
			"rotation": {"angle": 0, "axis": "y", "origin": [4, 0, 4]},
			"faces": {
				"north": {"uv": [8, 15, 16, 16], "texture": "#0"},
				"east": {"uv": [8, 15, 16, 16], "texture": "#0"},
				"south": {"uv": [8, 15, 16, 16], "texture": "#0"},
				"west": {"uv": [8, 15, 16, 16], "texture": "#0"},
				"up": {"uv": [0, 8, 8, 16], "texture": "#0"},
				"down": {"uv": [0, 8, 8, 16], "texture": "#0"}
			}
		},
		{
			"from": [4, 1, 11],
			"to": [12, 5, 12],
			"faces": {
				"north": {"uv": [8, 8, 16, 12], "texture": "#0"},
				"east": {"uv": [8, 0, 9, 4], "texture": "#0"},
				"south": {"uv": [8, 0, 16, 4], "texture": "#0"},
				"west": {"uv": [8, 4, 9, 8], "texture": "#0"},
				"up": {"uv": [0, 4, 8, 5], "texture": "#0"},
				"down": {"uv": [0, 0, 8, 1], "texture": "#0"}
			}
		},
		{
			"from": [4, 1, 4],
			"to": [12, 5, 5],
			"faces": {
				"north": {"uv": [8, 0, 16, 4], "texture": "#0"},
				"east": {"uv": [8, 4, 9, 8], "texture": "#0"},
				"south": {"uv": [8, 0, 16, 4], "texture": "#0"},
				"west": {"uv": [8, 0, 9, 4], "texture": "#0"},
				"up": {"uv": [8, 0, 16, 1], "texture": "#0"},
				"down": {"uv": [0, 0, 8, 1], "texture": "#0"}
			}
		},
		{
			"from": [4, 1, 5],
			"to": [5, 5, 11],
			"faces": {
				"north": {"uv": [0, 0, 1, 4], "texture": "#0"},
				"east": {"uv": [9, 8, 15, 12], "texture": "#0"},
				"south": {"uv": [0, 0, 1, 4], "texture": "#0"},
				"west": {"uv": [9, 0, 15, 4], "texture": "#0"},
				"up": {"uv": [15, 0, 16, 6], "texture": "#0"},
				"down": {"uv": [15, 0, 16, 6], "texture": "#0"}
			}
		},
		{
			"from": [11, 1, 5],
			"to": [12, 5, 11],
			"faces": {
				"north": {"uv": [0, 0, 1, 4], "texture": "#0"},
				"east": {"uv": [9, 0, 15, 4], "texture": "#0"},
				"south": {"uv": [0, 0, 1, 4], "texture": "#0"},
				"west": {"uv": [9, 8, 15, 12], "texture": "#0"},
				"up": {"uv": [15, 0, 16, 6], "texture": "#0"},
				"down": {"uv": [15, 0, 16, 6], "texture": "#0"}
			}
		},
		{
			"from": [-1, 3, 7],
			"to": [4, 4, 9],
			"faces": {
				"north": {"uv": [2, 5, 7, 6], "texture": "#0"},
				"east": {"uv": [0, 5, 2, 6], "texture": "#0"},
				"south": {"uv": [7, 5, 2, 6], "texture": "#0"},
				"west": {"uv": [0, 5, 2, 6], "texture": "#0"},
				"up": {"uv": [2, 6, 7, 8], "texture": "#0"},
				"down": {"uv": [9, 6, 14, 8], "texture": "#0"}
			}
		}
	],
	"display": {
		"thirdperson_righthand": {
			"rotation": [2.85, -0.62, 91.23],
			"translation": [-4.5, 4.25, 1.25],
			"scale": [0.8, 0.8, 0.8]
		},
		"thirdperson_lefthand": {
			"rotation": [90, -90, 0],
			"translation": [-0.75, 4.25, 4.25],
			"scale": [0.8, 0.8, 0.8]
		},
		"firstperson_righthand": {
			"rotation": [-21, 8, 90],
			"translation": [-6.5, 6.25, 1.75],
			"scale": [0.8, 0.8, 0.8]
		},
		"firstperson_lefthand": {
			"rotation": [0, -90, 0],
			"translation": [-1.5, 7, -1],
			"scale": [0.9, 0.9, 0.9]
		},
		"gui": {
			"translation": [2.5, 1, 0]
		},
		"head": {
			"translation": [0, 14.75, 0]
		}
	}
}