{
	"format_version": "1.21.6",
	"credit": "Made by Satisfy",
	"textures": {
		"0": "bakery:block/strawberry_jam",
		"particle": "bakery:block/strawberry_jam"
	},
	"elements": [
		{
			"from": [4.95, 6.1, 4.95],
			"to": [11.05, 7.1, 11.05],
			"rotation": {"angle": 0, "axis": "y", "origin": [1.2, -9.75, 1.2]},
			"faces": {
				"north": {"uv": [6, 0, 13, 1], "texture": "#0"},
				"east": {"uv": [6, 0, 13, 1], "texture": "#0"},
				"south": {"uv": [6, 0, 13, 1], "texture": "#0"},
				"west": {"uv": [6, 0, 13, 1], "texture": "#0"}
			}
		},
		{
			"from": [5, 0.01, 5],
			"to": [5, 8.01, 11],
			"rotation": {"angle": 0, "axis": "y", "origin": [5, 0, 1]},
			"faces": {
				"north": {"uv": [0, 0, 6, 8], "texture": "#0"},
				"east": {"uv": [6, 0, 0, 8], "texture": "#0"},
				"south": {"uv": [0, 0, 6, 8], "texture": "#0"},
				"west": {"uv": [6, 0, 0, 8], "texture": "#0"},
				"up": {"uv": [6, 8, 12, 14], "texture": "#0"},
				"down": {"uv": [0, 8, 6, 14], "texture": "#0"}
			}
		},
		{
			"from": [11, 4.4, 5],
			"to": [11, 6.4, 11],
			"rotation": {"angle": 22.5, "axis": "z", "origin": [11.5, 6.25, 8]},
			"faces": {
				"north": {"uv": [12, 5, 12, 7], "texture": "#0"},
				"east": {"uv": [12, 14, 6, 16], "texture": "#0"},
				"south": {"uv": [12, 5, 12, 7], "texture": "#0"},
				"west": {"uv": [12, 14, 6, 16], "texture": "#0"},
				"up": {"uv": [12, 5, 12, 11], "texture": "#0"},
				"down": {"uv": [12, 5, 12, 11], "texture": "#0"}
			}
		},
		{
			"from": [5, 3.1, 5.25],
			"to": [11, 5.1, 5.25],
			"rotation": {"angle": 22.5, "axis": "x", "origin": [8, 6.25, 7.75]},
			"faces": {
				"north": {"uv": [6, 14, 12, 16], "texture": "#0"},
				"east": {"uv": [12, 2, 12, 4], "texture": "#0"},
				"south": {"uv": [6, 14, 12, 16], "texture": "#0"},
				"west": {"uv": [12, 2, 12, 4], "texture": "#0"},
				"up": {"uv": [12, 2, 18, 2], "texture": "#0"},
				"down": {"uv": [12, 2, 18, 2], "texture": "#0"}
			}
		},
		{
			"from": [5, 5.4, 10.4],
			"to": [11, 7.4, 10.4],
			"rotation": {"angle": -22.5, "axis": "x", "origin": [8, 8.25, 13.75]},
			"faces": {
				"north": {"uv": [6, 14, 12, 16], "texture": "#0"},
				"east": {"uv": [12, 2, 12, 4], "texture": "#0"},
				"south": {"uv": [6, 14, 12, 16], "texture": "#0"},
				"west": {"uv": [12, 2, 12, 4], "texture": "#0"},
				"up": {"uv": [12, 5, 18, 5], "texture": "#0"},
				"down": {"uv": [12, 5, 18, 5], "texture": "#0"}
			}
		},
		{
			"from": [5, 4.5, 5],
			"to": [5, 6.5, 11],
			"rotation": {"angle": -22.5, "axis": "z", "origin": [4.5, 6.25, 8]},
			"faces": {
				"north": {"uv": [12, 5, 12, 7], "texture": "#0"},
				"east": {"uv": [6, 14, 12, 16], "texture": "#0"},
				"south": {"uv": [12, 5, 12, 7], "texture": "#0"},
				"west": {"uv": [6, 14, 12, 16], "texture": "#0"},
				"up": {"uv": [12, 5, 12, 11], "texture": "#0"},
				"down": {"uv": [12, 5, 12, 11], "texture": "#0"}
			}
		},
		{
			"from": [11, 0.01, 5],
			"to": [11, 8.01, 11],
			"rotation": {"angle": 0, "axis": "y", "origin": [5, 0, 1]},
			"faces": {
				"north": {"uv": [0, 0, 6, 8], "texture": "#0"},
				"east": {"uv": [6, 0, 0, 8], "texture": "#0"},
				"south": {"uv": [0, 0, 6, 8], "texture": "#0"},
				"west": {"uv": [6, 0, 0, 8], "texture": "#0"},
				"up": {"uv": [6, 8, 12, 14], "texture": "#0"},
				"down": {"uv": [0, 8, 6, 14], "texture": "#0"}
			}
		},
		{
			"from": [5, 0.01, 5],
			"to": [11, 8.01, 5],
			"rotation": {"angle": 0, "axis": "y", "origin": [5, 0, 1]},
			"faces": {
				"north": {"uv": [0, 0, 6, 8], "texture": "#0"},
				"east": {"uv": [6, 0, 0, 8], "texture": "#0"},
				"south": {"uv": [0, 0, 6, 8], "texture": "#0"},
				"west": {"uv": [6, 0, 0, 8], "texture": "#0"},
				"up": {"uv": [6, 8, 12, 14], "texture": "#0"},
				"down": {"uv": [0, 8, 6, 14], "texture": "#0"}
			}
		},
		{
			"from": [5, 0.01, 11],
			"to": [11, 8.01, 11],
			"rotation": {"angle": 0, "axis": "y", "origin": [5, 0, 1]},
			"faces": {
				"north": {"uv": [0, 0, 6, 8], "texture": "#0"},
				"east": {"uv": [6, 0, 0, 8], "texture": "#0"},
				"south": {"uv": [0, 0, 6, 8], "texture": "#0"},
				"west": {"uv": [6, 0, 0, 8], "texture": "#0"},
				"up": {"uv": [6, 8, 12, 14], "texture": "#0"},
				"down": {"uv": [0, 8, 6, 14], "texture": "#0"}
			}
		},
		{
			"from": [5, 0.01, 5],
			"to": [11, 0.01, 11],
			"rotation": {"angle": 0, "axis": "y", "origin": [5, 0, 1]},
			"faces": {
				"north": {"uv": [0, 0, 6, 8], "texture": "#0"},
				"east": {"uv": [6, 0, 0, 8], "texture": "#0"},
				"south": {"uv": [0, 0, 6, 8], "texture": "#0"},
				"west": {"uv": [6, 0, 0, 8], "texture": "#0"},
				"up": {"uv": [0, 8, 6, 14], "texture": "#0"},
				"down": {"uv": [0, 8, 6, 14], "texture": "#0"}
			}
		},
		{
			"from": [5, 8, 5],
			"to": [11, 8, 11],
			"rotation": {"angle": 0, "axis": "y", "origin": [5, 0, 1]},
			"faces": {
				"north": {"uv": [0, 0, 6, 8], "texture": "#0"},
				"east": {"uv": [6, 0, 0, 8], "texture": "#0"},
				"south": {"uv": [0, 0, 6, 8], "texture": "#0"},
				"west": {"uv": [6, 0, 0, 8], "texture": "#0"},
				"up": {"uv": [6, 8, 12, 14], "texture": "#0"},
				"down": {"uv": [6, 8, 12, 14], "texture": "#0"}
			}
		},
		{
			"from": [5.5, 0.1, 5.5],
			"to": [10.5, 5.1, 10.5],
			"rotation": {"angle": 0, "axis": "y", "origin": [5.5, 0, 5.5]},
			"faces": {
				"north": {"uv": [11, 3, 16, 8], "texture": "#0"},
				"east": {"uv": [6, 3, 11, 8], "texture": "#0"},
				"south": {"uv": [6, 3, 11, 8], "texture": "#0"},
				"west": {"uv": [11, 3, 16, 8], "texture": "#0"},
				"up": {"uv": [6, 3, 11, 8], "texture": "#0"},
				"down": {"uv": [6, 3, 11, 8], "texture": "#0"}
			}
		}
	],
	"display": {
		"thirdperson_righthand": {
			"rotation": [17, 0, 0],
			"translation": [0, 5.25, 2],
			"scale": [0.7, 0.7, 0.7]
		},
		"thirdperson_lefthand": {
			"rotation": [17, 0, 0],
			"translation": [0, 5.25, 2],
			"scale": [0.7, 0.7, 0.7]
		},
		"firstperson_righthand": {
			"translation": [-1, 4.75, 1],
			"scale": [0.7, 0.7, 0.7]
		},
		"firstperson_lefthand": {
			"translation": [-1, 5.25, 1],
			"scale": [0.7, 0.7, 0.7]
		},
		"ground": {
			"rotation": [-1, 0, 0]
		},
		"gui": {
			"rotation": [0, 25, -16],
			"translation": [-1.25, -4.25, 0],
			"scale": [1.82, 1.82, 1.82]
		},
		"head": {
			"translation": [0, -35.75, 0],
			"scale": [3, 3, 3]
		},
		"fixed": {
			"rotation": [-90, 0, 0],
			"translation": [0, -0.75, -3],
			"scale": [2, 2, 2]
		}
	},
	"groups": [
		{
			"name": "Jar_1",
			"origin": [0, 0, 0],
			"color": 0,
			"children": [0, 1, 2, 3, 4, 5, 6, 7, 8, 9, 10, 11]
		}
	]
}