{
	"credit": "Made by Satisfy",
	"textures": {
		"1": "bakery:block/street_sign_front",
		"2": "bakery:block/street_sign_back",
		"particle": "bakery:block/street_sign_front"
	},
	"elements": [
		{
			"from": [2, 3.55015, 4.23422],
			"to": [14, 15.55015, 5.23422],
			"rotation": {"angle": 22.5, "axis": "x", "origin": [8, 6.35015, 4.73422]},
			"faces": {
				"north": {"uv": [2, 1, 14, 13], "texture": "#1"},
				"east": {"uv": [2, 1, 3, 13], "texture": "#2"},
				"south": {"uv": [2, 1, 14, 13], "texture": "#2"},
				"west": {"uv": [13, 1, 14, 13], "texture": "#2"},
				"up": {"uv": [14, 1, 2, 2], "texture": "#2"},
				"down": {"uv": [14, 12, 2, 13], "texture": "#2"}
			}
		},
		{
			"from": [4, 2.55015, 4.23422],
			"to": [12, 3.55015, 5.23422],
			"rotation": {"angle": 22.5, "axis": "x", "origin": [8, 6.35015, 4.73422]},
			"faces": {
				"north": {"uv": [3, 0, 13, 1], "texture": "#1"},
				"east": {"uv": [3, 0, 4, 1], "texture": "#1"},
				"south": {"uv": [3, 0, 13, 1], "texture": "#1"},
				"west": {"uv": [12, 0, 13, 1], "texture": "#1"},
				"up": {"uv": [3, 0, 13, 1], "texture": "#1"},
				"down": {"uv": [3, 13, 13, 14], "texture": "#1"}
			}
		},
		{
			"from": [3, -0.44985, 4.23422],
			"to": [4, 3.55015, 5.23422],
			"rotation": {"angle": 22.5, "axis": "x", "origin": [8, 6.35015, 4.73422]},
			"faces": {
				"north": {"uv": [5, 10, 6, 14], "texture": "#2"},
				"east": {"uv": [5, 10, 6, 14], "texture": "#2"},
				"south": {"uv": [5, 10, 6, 14], "texture": "#2"},
				"west": {"uv": [5, 10, 6, 14], "texture": "#2"},
				"up": {"uv": [5, 13, 6, 14], "texture": "#2"},
				"down": {"uv": [5, 13, 6, 14], "texture": "#2"}
			}
		},
		{
			"from": [12, -0.44985, 4.23422],
			"to": [13, 3.55015, 5.23422],
			"rotation": {"angle": 22.5, "axis": "x", "origin": [8, 6.35015, 4.73422]},
			"faces": {
				"north": {"uv": [5, 10, 6, 14], "texture": "#2"},
				"east": {"uv": [5, 10, 6, 14], "texture": "#2"},
				"south": {"uv": [5, 10, 6, 14], "texture": "#2"},
				"west": {"uv": [5, 10, 6, 14], "texture": "#2"},
				"up": {"uv": [5, 13, 6, 14], "texture": "#2"},
				"down": {"uv": [5, 13, 6, 14], "texture": "#2"}
			}
		},
		{
			"from": [3, 15.55015, 4.23422],
			"to": [13, 16.55015, 5.23422],
			"rotation": {"angle": 22.5, "axis": "x", "origin": [8, 6.35015, 4.73422]},
			"faces": {
				"north": {"uv": [3, 0, 13, 1], "texture": "#1"},
				"east": {"uv": [3, 0, 4, 1], "texture": "#1"},
				"south": {"uv": [3, 0, 13, 1], "texture": "#1"},
				"west": {"uv": [12, 0, 13, 1], "texture": "#1"},
				"up": {"uv": [3, 0, 13, 1], "texture": "#1"},
				"down": {"uv": [9, 8, 5, 8.5], "texture": "#1"}
			}
		},
		{
			"from": [3, 0.55015, 10.23422],
			"to": [13, 12.55015, 11.23422],
			"rotation": {"angle": -22.5, "axis": "x", "origin": [8, 6.35015, 4.73422]},
			"faces": {
				"north": {"uv": [3, 1, 12, 13], "texture": "#2"},
				"east": {"uv": [6, 1, 7, 13], "texture": "#2"},
				"south": {"uv": [3, 1, 12, 13], "texture": "#2"},
				"west": {"uv": [3, 1, 4, 13], "texture": "#2"},
				"up": {"uv": [6, 6.5, 1, 6], "texture": "#1"},
				"down": {"uv": [11, 6, 6, 6.5], "texture": "#1"}
			}
		},
		{
			"from": [4, -0.44985, 10.23422],
			"to": [12, 0.55015, 11.23422],
			"rotation": {"angle": -22.5, "axis": "x", "origin": [8, 6.35015, 4.73422]},
			"faces": {
				"north": {"uv": [4, 13, 12, 14], "texture": "#2"},
				"east": {"uv": [4, 13, 12, 14], "texture": "#2"},
				"south": {"uv": [4, 13, 12, 14], "texture": "#2"},
				"west": {"uv": [4, 13, 12, 14], "texture": "#2"},
				"up": {"uv": [4, 13, 12, 14], "texture": "#2"},
				"down": {"uv": [4, 13, 12, 14], "texture": "#2"}
			}
		},
		{
			"from": [12, -2.94985, 10.23422],
			"to": [13, 0.55015, 11.23422],
			"rotation": {"angle": -22.5, "axis": "x", "origin": [8, 6.35015, 4.73422]},
			"faces": {
				"north": {"uv": [5, 10, 6, 14], "texture": "#2"},
				"east": {"uv": [5, 10, 6, 14], "texture": "#2"},
				"south": {"uv": [5, 10, 6, 14], "texture": "#2"},
				"west": {"uv": [5, 10, 6, 14], "texture": "#2"},
				"up": {"uv": [5, 13, 6, 14], "texture": "#2"},
				"down": {"uv": [5, 13, 6, 14], "texture": "#2"}
			}
		},
		{
			"from": [3, -2.94985, 10.23422],
			"to": [4, 0.55015, 11.23422],
			"rotation": {"angle": -22.5, "axis": "x", "origin": [8, 6.35015, 4.73422]},
			"faces": {
				"north": {"uv": [5, 10, 6, 14], "texture": "#2"},
				"east": {"uv": [5, 10, 6, 14], "texture": "#2"},
				"south": {"uv": [5, 10, 6, 14], "texture": "#2"},
				"west": {"uv": [5, 10, 6, 14], "texture": "#2"},
				"up": {"uv": [5, 13, 6, 14], "texture": "#2"},
				"down": {"uv": [5, 13, 6, 14], "texture": "#2"}
			}
		}
	],
	"gui_light": "front",
	"display": {
		"thirdperson_righthand": {
			"rotation": [67, 21, 0],
			"translation": [0, 0.75, -2],
			"scale": [0.79297, 0.79297, 0.79297]
		},
		"thirdperson_lefthand": {
			"rotation": [67, 21, 0],
			"translation": [0, 0.75, -2],
			"scale": [0.79297, 0.79297, 0.79297]
		},
		"firstperson_righthand": {
			"rotation": [17, 138, 0],
			"translation": [-1, 4.25, 2.5],
			"scale": [0.50586, 0.50586, 0.50586]
		},
		"firstperson_lefthand": {
			"rotation": [17, 138, 0],
			"translation": [-1, 4.25, 2.5],
			"scale": [0.50586, 0.50586, 0.50586]
		},
		"ground": {
			"translation": [0, 5, 0],
			"scale": [0.61719, 0.61719, 0.61719]
		},
		"gui": {
			"rotation": [28, 151, 0],
			"translation": [0, 1, 0],
			"scale": [0.83398, 0.83398, 0.83398]
		},
		"head": {
			"translation": [0, -14.25, 0],
			"scale": [2.26781, 2.26781, 2.26781]
		},
		"fixed": {
			"rotation": [-90, 0, 0],
			"translation": [0, 0, -19.75],
			"scale": [2.61, 2.61, 2.61]
		}
	}
}