{
	"format_version": "1.21.6",
	"credit": "Made by Satisfy",
	"render_type": "minecraft:cutout",
	"textures": {
		"0": "brewery:block/beer_mug",
		"1": "brewery:block/beer_hops",
		"particle": "brewery:block/beer_mug"
	},
	"elements": [
		{
			"from": [5, 0, 5],
			"to": [11, 8, 6],
			"faces": {
				"north": {"uv": [6, 0, 12, 8], "texture": "#1"},
				"east": {"uv": [11, 0, 12, 8], "texture": "#0"},
				"south": {"uv": [6, 8, 12, 16], "texture": "#0"},
				"west": {"uv": [6, 0, 7, 8], "texture": "#0"},
				"up": {"uv": [6, 5, 0, 6], "texture": "#1"},
				"down": {"uv": [0, 6, 6, 7], "texture": "#0"}
			}
		},
		{
			"from": [5, 0, 10],
			"to": [11, 8, 11],
			"faces": {
				"north": {"uv": [6, 8, 12, 16], "texture": "#0"},
				"east": {"uv": [6, 0, 7, 8], "texture": "#0"},
				"south": {"uv": [6, 0, 12, 8], "texture": "#0"},
				"west": {"uv": [11, 0, 12, 8], "texture": "#0"},
				"up": {"uv": [0, 0, 6, 1], "texture": "#0"},
				"down": {"uv": [0, 11, 6, 12], "texture": "#0"}
			}
		},
		{
			"from": [10, 0, 6],
			"to": [11, 8, 10],
			"faces": {
				"north": {"uv": [0, 0, 1, 8], "texture": "#0"},
				"east": {"uv": [7, 0, 11, 8], "texture": "#0"},
				"south": {"uv": [0, 0, 1, 8], "texture": "#0"},
				"west": {"uv": [7, 8, 11, 16], "texture": "#0"},
				"up": {"uv": [5, 1, 6, 5], "texture": "#0"},
				"down": {"uv": [0, 7, 1, 11], "texture": "#0"}
			}
		},
		{
			"from": [5, 0, 6],
			"to": [6, 8, 10],
			"faces": {
				"north": {"uv": [0, 0, 1, 8], "texture": "#0"},
				"east": {"uv": [7, 8, 11, 16], "texture": "#0"},
				"south": {"uv": [0, 0, 1, 8], "texture": "#0"},
				"west": {"uv": [7, 0, 11, 8], "texture": "#0"},
				"up": {"uv": [5, 1, 6, 5], "texture": "#1"},
				"down": {"uv": [5, 7, 6, 11], "texture": "#0"}
			}
		},
		{
			"from": [6, 0, 6],
			"to": [10, 8, 10],
			"rotation": {"angle": 0, "axis": "y", "origin": [6, 0, 6]},
			"faces": {
				"north": {"uv": [0, 0, 4, 1], "texture": "#0"},
				"east": {"uv": [0, 0, 4, 1], "texture": "#0"},
				"south": {"uv": [0, 0, 4, 1], "texture": "#0"},
				"west": {"uv": [0, 0, 4, 1], "texture": "#0"},
				"up": {"uv": [1, 1, 5, 5], "texture": "#1"},
				"down": {"uv": [1, 7, 5, 11], "texture": "#0"}
			}
		},
		{
			"from": [6, 8, 5],
			"to": [11, 9, 10],
			"rotation": {"angle": 0, "axis": "y", "origin": [6, 0, 6]},
			"faces": {
				"north": {"uv": [1, 5, 5, 4], "texture": "#1"},
				"east": {"uv": [1, 3, 5, 4], "texture": "#1"},
				"south": {"uv": [2, 4, 6, 5], "texture": "#1"},
				"west": {"uv": [1, 3, 5, 4], "texture": "#1"},
				"up": {"uv": [1, 0, 6, 5], "texture": "#1"},
				"down": {"uv": [1, 7, 5, 11], "texture": "#1"}
			}
		},
		{
			"from": [11, 2, 8],
			"to": [14, 7, 8],
			"faces": {
				"north": {"uv": [15, 2, 12, 7], "texture": "#0"},
				"south": {"uv": [12, 2, 15, 7], "texture": "#0"}
			}
		}
	],
	"display": {
		"thirdperson_righthand": {
			"rotation": [152.77, -66.31, 109.54],
			"translation": [-0.5, 4.25, -0.75],
			"scale": [0.9, 0.9, 0.9]
		},
		"thirdperson_lefthand": {
			"rotation": [-40.43, 61.7, 84.8],
			"translation": [-1.25, 5, -1],
			"scale": [0.9, 0.9, 0.9]
		},
		"firstperson_righthand": {
			"rotation": [69, -72.19, 75.86],
			"translation": [-0.5, 4.75, 1]
		},
		"firstperson_lefthand": {
			"rotation": [-110.81, 68.92, 102.58],
			"translation": [0, 4.75, 1.5]
		},
		"ground": {
			"translation": [0, 4.25, 0]
		},
		"head": {
			"translation": [0, 15, 0]
		},
		"fixed": {
			"translation": [0, 0, -1.25]
		}
	}
}