{
	"format_version": "1.21.6",
	"credit": "Made by Satisfy",
	"textures": {
		"0": "brewery:block/whiskey_jojannik",
		"particle": "brewery:block/whiskey_jojannik"
	},
	"elements": [
		{
			"from": [7, 10, 7],
			"to": [9, 15, 9],
			"rotation": {"angle": 0, "axis": "y", "origin": [7, 0, 7]},
			"faces": {
				"north": {"uv": [6, 2, 8, 7], "texture": "#0"},
				"east": {"uv": [6, 2, 8, 7], "texture": "#0"},
				"south": {"uv": [6, 2, 8, 7], "texture": "#0"},
				"west": {"uv": [6, 2, 8, 7], "texture": "#0"},
				"up": {"uv": [6, 2, 8, 4], "texture": "#0"},
				"down": {"uv": [6, 2, 8, 4], "texture": "#0"}
			}
		},
		{
			"from": [4, 0, 4],
			"to": [12, 9, 12],
			"rotation": {"angle": 0, "axis": "y", "origin": [5, 0, 5]},
			"faces": {
				"north": {"uv": [0, 7, 8, 16], "texture": "#0"},
				"east": {"uv": [8, 7, 16, 16], "texture": "#0"},
				"south": {"uv": [8, 7, 16, 16], "texture": "#0"},
				"west": {"uv": [8, 7, 16, 16], "texture": "#0"},
				"up": {"uv": [8, 0, 16, 8], "texture": "#0"},
				"down": {"uv": [15, 0, 16, 1], "texture": "#0"}
			}
		},
		{
			"from": [5, 9, 5],
			"to": [11, 10, 11],
			"rotation": {"angle": 0, "axis": "y", "origin": [6, 0, 6]},
			"faces": {
				"north": {"uv": [0, 6, 6, 7], "texture": "#0"},
				"east": {"uv": [0, 1, 6, 2], "texture": "#0"},
				"south": {"uv": [0, 1, 6, 2], "texture": "#0"},
				"west": {"uv": [6, 7, 0, 6], "texture": "#0"},
				"up": {"uv": [0, 1, 6, 7], "rotation": 180, "texture": "#0"},
				"down": {"uv": [0, 1, 6, 7], "texture": "#0"}
			}
		}
	],
	"display": {
		"thirdperson_righthand": {
			"rotation": [21.83, -6.34, 5.65],
			"translation": [0, -3.5, -0.25],
			"scale": [0.6, 0.6, 0.6]
		},
		"thirdperson_lefthand": {
			"rotation": [21.83, -6.34, 5.65],
			"translation": [0, -3.5, -0.25],
			"scale": [0.6, 0.6, 0.6]
		},
		"firstperson_righthand": {
			"rotation": [-5.85, 6.91, 26.01],
			"translation": [0.75, 1.75, 1.25]
		},
		"firstperson_lefthand": {
			"rotation": [-5.85, 6.91, 26.01],
			"translation": [0.75, 1.75, 1.25]
		}
	}
}